anio,concepto,valor,base,metodo,fuente,fecha_publicacion,url,cita
1992,deuda_total,8500000.0,na,reportado,424B5 1996-01-05 (Summary Selected Financial Data; idéntico en 424B2 1996-01-25) Notes payable (línea de crédito) al 31-dic-1992; única deuda listada; fecha = plazo legal del 10-K del año (90 días); el 10-K original no está en EDGAR,1993-03-31,https://www.sec.gov/Archives/edgar/data/751364/0000912057-96-000176.txt,"Notes payable........................... $ 86,191 $ 72,900 $ 31,505 $ 14,800 -- $ 8,500 [balance cols: PF 9/30/95, 9/30/95, 9/30/94, 12/31/94, 12/31/93, 12/31/92]"
1992,dividendo_pagado_por_accion,1.08,actual,reportado,424B5 1996-01-05 (Summary Selected Financial Data; idéntico en 424B2 1996-01-25); fecha = plazo legal del 10-K del año (90 días); el 10-K original no está en EDGAR,1993-03-31,https://www.sec.gov/Archives/edgar/data/751364/0000912057-96-000176.txt,"Dividends paid per common share......... -- $ 0.87 $ 0.85 -- $ 1.14 $ 1.10 $ 1.08 [cols: PF 9M1995, 9M1995, 9M1994, PF 1994, 1994, 1993, 1992]"
1992,ffo,1879000.0,na,reportado,424B5 1996-01-05 (Summary Selected Financial Data; idéntico en 424B2 1996-01-25); fecha = plazo legal del 10-K del año (90 días); el 10-K original no está en EDGAR,1993-03-31,https://www.sec.gov/Archives/edgar/data/751364/0000912057-96-000176.txt,"Funds from operations (8)............... $14,812 $10,659 $ 6,700 $ 20,222 $ 9,992 $ 3,884 $ 1,879 [cols: PF 9M1995, 9M1995, 9M1994, PF 1994, 1994, 1993, 1992]"
1992,ffo_por_accion,1.15,actual,reportado,424B5 1996-01-05 (Summary Selected Financial Data; idéntico en 424B2 1996-01-25) FFO según definición NAREIT (nota 8); fecha = plazo legal del 10-K del año (90 días); el 10-K original no está en EDGAR,1993-03-31,https://www.sec.gov/Archives/edgar/data/751364/0000912057-96-000176.txt,"Funds from operation per share.......... $ 1.01 $ 0.91 $ 0.87 $ 1.38 $ 1.16 $ 1.05 $ 1.15 [cols: PF 9M1995, 9M1995, 9M1994, PF 1994, 1994, 1993, 1992]"
1992,ingresos_totales,2604000.0,na,reportado,424B5 1996-01-05 (Summary Selected Financial Data; idéntico en 424B2 1996-01-25); fecha = plazo legal del 10-K del año (90 días); el 10-K original no está en EDGAR,1993-03-31,https://www.sec.gov/Archives/edgar/data/751364/0000912057-96-000176.txt,"Total revenues.......................... 21,840 14,695 8,430 29,172 12,289 5,069 2,604 [cols: PF 9M1995, 9M1995, 9M1994, PF 1994, 1994, 1993, 1992]"
1992,ocupacion,1.0,na,reportado,424B5 1996-01-05 (Summary Selected Financial Data; idéntico en 424B2 1996-01-25) (Percent of properties leased); fecha = plazo legal del 10-K del año (90 días); el 10-K original no está en EDGAR,1993-03-31,https://www.sec.gov/Archives/edgar/data/751364/0000912057-96-000176.txt,"Percent of properties leased............ 100% 100% 100% 100% 100% 100% 100% [cols: PF 9M1995, 9M1995, 9M1994, PF 1994, 1994, 1993, 1992]"
1992,propiedades,41.0,na,reportado,424B5 1996-01-05 (Summary Selected Financial Data; idéntico en 424B2 1996-01-25); fecha = plazo legal del 10-K del año (90 días); el 10-K original no está en EDGAR,1993-03-31,https://www.sec.gov/Archives/edgar/data/751364/0000912057-96-000176.txt,"Total properties at end of period....... 163 154 106 163 128 84 41 [cols: PF 9M1995, 9M1995, 9M1994, PF 1994, 1994, 1993, 1992]"
1993,activos_totales,91619000.0,na,reportado,424B2 1998-03-13 (Summary Historical Financial and Operating Data); fecha = plazo legal del 10-K del año (90 días); el 10-K original no está en EDGAR,1994-03-31,https://www.sec.gov/Archives/edgar/data/751364/0000950133-98-000753.txt,"Total assets........................................ $537,014 $370,953 $219,257 $152,211 $91,619 [AS OF DECEMBER 31: 1997, 1996, 1995, 1994, 1993]"
1993,deuda_total,0.0,na,reportado,424B2 1998-03-13 (Summary Historical Financial and Operating Data): deuda no garantizada '--' e hipotecaria '--' al 31-dic-1993; fecha = plazo legal del 10-K del año (90 días); el 10-K original no está en EDGAR,1994-03-31,https://www.sec.gov/Archives/edgar/data/751364/0000950133-98-000753.txt,"Unsecured indebtedness.............................. $115,100 $ 58,700 $ 69,450 $ 14,800 $ -- / Mortgage indebtedness............................... $ 56,736 $ 58,256 $ 13,150 $ -- $ -- [cols 1997, 1996, 1995, 1994, 1993]"
1993,dividendo_pagado_por_accion,1.1,actual,reportado,424B5 1996-01-05 (Summary Selected Financial Data; idéntico en 424B2 1996-01-25); fecha = plazo legal del 10-K del año (90 días); el 10-K original no está en EDGAR,1994-03-31,https://www.sec.gov/Archives/edgar/data/751364/0000912057-96-000176.txt,"Dividends paid per common share......... -- $ 0.87 $ 0.85 -- $ 1.14 $ 1.10 $ 1.08 [cols: PF 9M1995, 9M1995, 9M1994, PF 1994, 1994, 1993, 1992]"
1993,ffo,3884000.0,na,reportado,424B5 1996-01-05 (Summary Selected Financial Data; idéntico en 424B2 1996-01-25); fecha = plazo legal del 10-K del año (90 días); el 10-K original no está en EDGAR,1994-03-31,https://www.sec.gov/Archives/edgar/data/751364/0000912057-96-000176.txt,"Funds from operations (8)............... $14,812 $10,659 $ 6,700 $ 20,222 $ 9,992 $ 3,884 $ 1,879 [cols: PF 9M1995, 9M1995, 9M1994, PF 1994, 1994, 1993, 1992]"
1993,ffo_por_accion,1.05,actual,reportado,424B5 1996-01-05 (Summary Selected Financial Data; idéntico en 424B2 1996-01-25) FFO según definición NAREIT (nota 8); fecha = plazo legal del 10-K del año (90 días); el 10-K original no está en EDGAR,1994-03-31,https://www.sec.gov/Archives/edgar/data/751364/0000912057-96-000176.txt,"Funds from operation per share.......... $ 1.01 $ 0.91 $ 0.87 $ 1.38 $ 1.16 $ 1.05 $ 1.15 [cols: PF 9M1995, 9M1995, 9M1994, PF 1994, 1994, 1993, 1992]"
1993,ingresos_totales,5069000.0,na,reportado,424B5 1996-01-05 (Summary Selected Financial Data; idéntico en 424B2 1996-01-25); fecha = plazo legal del 10-K del año (90 días); el 10-K original no está en EDGAR,1994-03-31,https://www.sec.gov/Archives/edgar/data/751364/0000912057-96-000176.txt,"Total revenues.......................... 21,840 14,695 8,430 29,172 12,289 5,069 2,604 [cols: PF 9M1995, 9M1995, 9M1994, PF 1994, 1994, 1993, 1992]"
1993,ocupacion,1.0,na,reportado,424B5 1996-01-05 (Summary Selected Financial Data; idéntico en 424B2 1996-01-25) (Percent of properties leased); fecha = plazo legal del 10-K del año (90 días); el 10-K original no está en EDGAR,1994-03-31,https://www.sec.gov/Archives/edgar/data/751364/0000912057-96-000176.txt,"Percent of properties leased............ 100% 100% 100% 100% 100% 100% 100% [cols: PF 9M1995, 9M1995, 9M1994, PF 1994, 1994, 1993, 1992]"
1993,propiedades,84.0,na,reportado,424B5 1996-01-05 (Summary Selected Financial Data; idéntico en 424B2 1996-01-25); fecha = plazo legal del 10-K del año (90 días); el 10-K original no está en EDGAR,1994-03-31,https://www.sec.gov/Archives/edgar/data/751364/0000912057-96-000176.txt,"Total properties at end of period....... 163 154 106 163 128 84 41 [cols: PF 9M1995, 9M1995, 9M1994, PF 1994, 1994, 1993, 1992]"
1994,activos_totales,152211000.0,na,reportado,424B2 1998-03-13 (Summary Historical Financial and Operating Data); fecha = plazo legal del 10-K del año (90 días); el 10-K original no está en EDGAR,1995-03-31,https://www.sec.gov/Archives/edgar/data/751364/0000950133-98-000753.txt,"Total assets........................................ $537,014 $370,953 $219,257 $152,211 $91,619 [AS OF DECEMBER 31: 1997, 1996, 1995, 1994, 1993]"
1994,deuda_total,14800000.0,na,reportado,"424B2 1998-03-13 (Summary Historical...): deuda no garantizada 14,800 + hipotecaria 0 al 31-dic-1994; fecha = plazo legal del 10-K del año (90 días); el 10-K original no está en EDGAR",1995-03-31,https://www.sec.gov/Archives/edgar/data/751364/0000950133-98-000753.txt,"Unsecured indebtedness.............................. $115,100 $ 58,700 $ 69,450 $ 14,800 $ -- / Mortgage indebtedness............................... $ 56,736 $ 58,256 $ 13,150 $ -- $ -- [cols 1997, 1996, 1995, 1994, 1993]"
1994,dividendo_pagado_por_accion,1.14,actual,reportado,424B5 1996-01-05 (Summary Selected Financial Data; idéntico en 424B2 1996-01-25); fecha = plazo legal del 10-K del año (90 días); el 10-K original no está en EDGAR,1995-03-31,https://www.sec.gov/Archives/edgar/data/751364/0000912057-96-000176.txt,"Dividends paid per common share......... -- $ 0.87 $ 0.85 -- $ 1.14 $ 1.10 $ 1.08 [cols: PF 9M1995, 9M1995, 9M1994, PF 1994, 1994, 1993, 1992]"
1994,ffo,9992000.0,na,reportado,424B5 1996-01-05 (Summary Selected Financial Data; idéntico en 424B2 1996-01-25); fecha = plazo legal del 10-K del año (90 días); el 10-K original no está en EDGAR,1995-03-31,https://www.sec.gov/Archives/edgar/data/751364/0000912057-96-000176.txt,"Funds from operations (8)............... $14,812 $10,659 $ 6,700 $ 20,222 $ 9,992 $ 3,884 $ 1,879 [cols: PF 9M1995, 9M1995, 9M1994, PF 1994, 1994, 1993, 1992]"
1994,ffo_por_accion,1.16,actual,reportado,424B5 1996-01-05 (Summary Selected Financial Data; idéntico en 424B2 1996-01-25) FFO según definición NAREIT (nota 8); fecha = plazo legal del 10-K del año (90 días); el 10-K original no está en EDGAR,1995-03-31,https://www.sec.gov/Archives/edgar/data/751364/0000912057-96-000176.txt,"Funds from operation per share.......... $ 1.01 $ 0.91 $ 0.87 $ 1.38 $ 1.16 $ 1.05 $ 1.15 [cols: PF 9M1995, 9M1995, 9M1994, PF 1994, 1994, 1993, 1992]"
1994,ingresos_totales,12289000.0,na,reportado,424B5 1996-01-05 (Summary Selected Financial Data; idéntico en 424B2 1996-01-25); fecha = plazo legal del 10-K del año (90 días); el 10-K original no está en EDGAR,1995-03-31,https://www.sec.gov/Archives/edgar/data/751364/0000912057-96-000176.txt,"Total revenues.......................... 21,840 14,695 8,430 29,172 12,289 5,069 2,604 [cols: PF 9M1995, 9M1995, 9M1994, PF 1994, 1994, 1993, 1992]"
1994,ocupacion,1.0,na,reportado,424B5 1996-01-05 (Summary Selected Financial Data; idéntico en 424B2 1996-01-25) (Percent of properties leased); fecha = plazo legal del 10-K del año (90 días); el 10-K original no está en EDGAR,1995-03-31,https://www.sec.gov/Archives/edgar/data/751364/0000912057-96-000176.txt,"Percent of properties leased............ 100% 100% 100% 100% 100% 100% 100% [cols: PF 9M1995, 9M1995, 9M1994, PF 1994, 1994, 1993, 1992]"
1994,propiedades,128.0,na,reportado,424B5 1996-01-05 (Summary Selected Financial Data; idéntico en 424B2 1996-01-25); fecha = plazo legal del 10-K del año (90 días); el 10-K original no está en EDGAR,1995-03-31,https://www.sec.gov/Archives/edgar/data/751364/0000912057-96-000176.txt,"Total properties at end of period....... 163 154 106 163 128 84 41 [cols: PF 9M1995, 9M1995, 9M1994, PF 1994, 1994, 1993, 1992]"
1995,activos_totales,219257000.0,na,reportado,424B2 1998-03-13 (Summary Historical Financial and Operating Data); fecha = 10-K FY1995,1996-03-29,https://www.sec.gov/Archives/edgar/data/751364/0000950133-98-000753.txt,"Total assets........................................ $537,014 $370,953 $219,257 $152,211 $91,619 [AS OF DECEMBER 31: 1997, 1996, 1995, 1994, 1993]"
1995,deuda_total,82600000.0,na,calculado,"424B2 1998-03-13: deuda no garantizada (línea de crédito) 69,450 + hipotecaria 13,150 al 31-dic-1995; fecha = 10-K FY1995",1996-03-29,https://www.sec.gov/Archives/edgar/data/751364/0000950133-98-000753.txt,"Unsecured indebtedness.............................. $115,100 $ 58,700 $ 69,450 $ 14,800 $ -- / Mortgage indebtedness............................... $ 56,736 $ 58,256 $ 13,150 $ -- $ -- [cols 1997, 1996, 1995, 1994, 1993]"
1995,dividendo_pagado_por_accion,1.16,actual,reportado,"424B5 1996-08-19 (Selected Pro Forma and Historical Financial Data, col. histórica 1995); fecha = 10-K FY1995",1996-03-29,https://www.sec.gov/Archives/edgar/data/751364/0000912057-96-018232.txt,"Dividends paid per common share.... -- $ 0.58 $ 0.58 -- $ 1.16 $ 1.14 $ 1.10 [cols: PF 6M1996, 6M1996, 6M1995, PF 1995, 1995, 1994, 1993]"
1995,ffo,14443000.0,na,reportado,"424B5 1996-08-19 (Selected Pro Forma and Historical Financial Data, col. histórica 1995); fecha = 10-K FY1995",1996-03-29,https://www.sec.gov/Archives/edgar/data/751364/0000912057-96-018232.txt,"Funds from operations (8)........ $12,988 $ 9,764 $6,980 $ 26,028 $14,443 $9,992 $3,884 [cols: PF 6M1996, 6M1996, 6M1995, PF 1995, 1995, 1994, 1993]"
1995,ffo_por_accion,1.24,actual,reportado,"424B5 1996-08-19 (Selected Pro Forma and Historical Financial Data, col. histórica 1995); fecha = 10-K FY1995; FFO NAREIT (nota 8); confirmado en 424B3 1997-02-13",1996-03-29,https://www.sec.gov/Archives/edgar/data/751364/0000912057-96-018232.txt,"Funds from operation per share... $ 0.70 $ 0.65 $ 0.60 $ 1.39 $ 1.24 $ 1.16 $ 1.05 [cols: PF 6M1996, 6M1996, 6M1995, PF 1995, 1995, 1994, 1993]"
1995,ingresos_totales,20580000.0,na,reportado,"424B5 1996-08-19 (Selected Pro Forma and Historical Financial Data, col. histórica 1995); fecha = 10-K FY1995; igual en 424B2 1998-03-13",1996-03-29,https://www.sec.gov/Archives/edgar/data/751364/0000912057-96-018232.txt,"Total revenues................. 19,671 14,555 9,161 39,372 20,580 12,289 5,069 [cols: PF 6M1996, 6M1996, 6M1995, PF 1995, 1995, 1994, 1993]"
1995,ocupacion,1.0,na,reportado,10-K FY1995 (Item 1),1996-03-29,https://www.sec.gov/Archives/edgar/data/751364/0000751364-96-000017.txt,"The occupancy rate of the Company's Property portfolio was 100 percent at December 31, 1995."
1995,propiedades,157.0,na,reportado,10-K FY1995 (Item 1),1996-03-29,https://www.sec.gov/Archives/edgar/data/751364/0000751364-96-000017.txt,"As of December 31, 1995, the Company owned 157 properties (the ""Properties"") that are leased to major businesses"
1996,activos_totales,370953000.0,na,reportado,424B2 1998-03-13 (Summary Historical Financial and Operating Data); igual en EX-13 10-K 2000; fecha = 10-K FY1996,1997-03-20,https://www.sec.gov/Archives/edgar/data/751364/0000950133-98-000753.txt,"Total assets........................................ $537,014 $370,953 $219,257 $152,211 $91,619 [AS OF DECEMBER 31: 1997, 1996, 1995, 1994, 1993]"
1996,deuda_total,116956000.0,na,reportado,"EX-13 10-K 2000 (Historical Financial Highlights) (Total Long-Term Debt = no garantizada 58,700 + hipotecaria 58,256 (424B2 1998-03-13)); fecha = 10-K FY1996",1997-03-20,https://www.sec.gov/Archives/edgar/data/751364/000075136401000042/0000751364-01-000042-0003.txt,"Total Long-Term Debt $ 360,381 $ 350,971 $ 292,907 $ 171,836 $ 116,956 [2000, 1999, 1998, 1997, 1996]"
1996,dividendo_pagado_por_accion,1.18,actual,reportado,EX-13 10-K 2000 (Historical Financial Highlights); fecha = 10-K FY1996,1997-03-20,https://www.sec.gov/Archives/edgar/data/751364/000075136401000042/0000751364-01-000042-0003.txt,"Dividends $ 1.245 $ 1.24 $ 1.23 $ 1.20 $ 1.18 [2000, 1999, 1998, 1997, 1996]"
1996,ffo,22570000.0,na,reportado,EX-13 10-K 2000 (Historical Financial Highlights); FFO definido por la compañía (excluye costos de adquisición del asesor y otros no recurrentes); fecha = 10-K FY1996,1997-03-20,https://www.sec.gov/Archives/edgar/data/751364/000075136401000042/0000751364-01-000042-0003.txt,"Funds from operations (1) $ 43,949 $ 46,044 $ 42,517 $ 34,230 $ 22,570 [2000, 1999, 1998, 1997, 1996]"
1996,ffo_por_accion,1.34,actual,reportado,424B3 1997-02-13 (Prospectus Supplement; publicado antes del 10-K FY1996); definición NAREIT sin ajustes especiales en 1996,1997-02-13,https://www.sec.gov/Archives/edgar/data/751364/0000950133-97-000406.txt,"Funds from operations have increased from approximately $14.4 million or $1.24 per share for the year ended December 31, 1995, to approximately $22.6 million or $1.34 per share for the year ended December 31, 1996."
1996,ingresos_totales,33369000.0,na,reportado,EX-13 10-K 2000 (Historical Financial Highlights) (Gross Revenues); fecha = 10-K FY1996,1997-03-20,https://www.sec.gov/Archives/edgar/data/751364/000075136401000042/0000751364-01-000042-0003.txt,"Gross Revenues $ 80,891 $ 76,543 $ 64,773 $ 50,135 $ 33,369 [2000, 1999, 1998, 1997, 1996]"
1996,ocupacion,1.0,na,reportado,10-K405 FY1996 (Item 1),1997-03-20,https://www.sec.gov/Archives/edgar/data/751364/0000751364-97-000002.txt,"The occupancy rate of the Company's Property portfolio was 100 percent at December 31, 1996."
1996,propiedades,195.0,na,reportado,10-K405 FY1996 (Item 1),1997-03-20,https://www.sec.gov/Archives/edgar/data/751364/0000751364-97-000002.txt,"As of December 31, 1996, the Company owned 195 properties (the 'Properties') that are leased to major businesses"
1997,activos_totales,537014000.0,na,reportado,424B2 1998-03-13 (Summary Historical Financial and Operating Data) (publicado antes del 10-K FY1997 de 1998-03-18),1998-03-13,https://www.sec.gov/Archives/edgar/data/751364/0000950133-98-000753.txt,"Total assets........................................ $537,014 $370,953 $219,257 $152,211 $91,619 [AS OF DECEMBER 31: 1997, 1996, 1995, 1994, 1993]"
1997,deuda_total,171836000.0,na,reportado,"EX-13 10-K 2000 (Historical Financial Highlights) (Total Long-Term Debt = no garantizada 115,100 + hipotecaria 56,736 (424B2 1998-03-13)); fecha = 10-K FY1997",1998-03-13,https://www.sec.gov/Archives/edgar/data/751364/000075136401000042/0000751364-01-000042-0003.txt,"Total Long-Term Debt $ 360,381 $ 350,971 $ 292,907 $ 171,836 $ 116,956 [2000, 1999, 1998, 1997, 1996]"
1997,dividendo_pagado_por_accion,1.2,actual,reportado,EX-13 10-K 2000 (Historical Financial Highlights); fecha = 10-K FY1997,1998-03-18,https://www.sec.gov/Archives/edgar/data/751364/000075136401000042/0000751364-01-000042-0003.txt,"Dividends $ 1.245 $ 1.24 $ 1.23 $ 1.20 $ 1.18 [2000, 1999, 1998, 1997, 1996]"
1997,ffo,34230000.0,na,reportado,EX-13 10-K 2000 (Historical Financial Highlights); FFO definido por la compañía (excluye costos de adquisición del asesor y otros no recurrentes); fecha = 10-K FY1997,1998-03-18,https://www.sec.gov/Archives/edgar/data/751364/000075136401000042/0000751364-01-000042-0003.txt,"Funds from operations (1) $ 43,949 $ 46,044 $ 42,517 $ 34,230 $ 22,570 [2000, 1999, 1998, 1997, 1996]"
1997,ffo_por_accion,1.4132,actual,calculado,"EX-13 10-K 2000 (Historical Financial Highlights): FFO 34,230,000 ÷ acciones diluidas promedio 24,220,792; no se encontró FFO/acción publicado",1998-03-18,https://www.sec.gov/Archives/edgar/data/751364/000075136401000042/0000751364-01-000042-0003.txt,"Funds from operations (1) $ 43,949 $ 46,044 $ 42,517 $ 34,230 $ 22,570 [2000, 1999, 1998, 1997, 1996] | Weighted Average Shares Diluted 30,407,507 30,408,219 29,397,154 24,220,792 16,838,719"
1997,ingresos_totales,50135000.0,na,reportado,EX-13 10-K 2000 (Historical Financial Highlights) (Gross Revenues); fecha = 10-K FY1997; también en 424B2 1998-03-13,1998-03-13,https://www.sec.gov/Archives/edgar/data/751364/000075136401000042/0000751364-01-000042-0003.txt,"Gross Revenues $ 80,891 $ 76,543 $ 64,773 $ 50,135 $ 33,369 [2000, 1999, 1998, 1997, 1996]"
1997,ocupacion,1.0,na,reportado,10-K FY1997 (Item 1),1998-03-18,https://www.sec.gov/Archives/edgar/data/751364/0000751364-98-000002.txt,"The Company's Property portfolio was 100 percent leased at December 31, 1997."
1997,propiedades,236.0,na,reportado,10-K FY1997 (Item 2); excluye 9 propiedades de sociedad no consolidada (20%); también 424B2 1998-03-13,1998-03-13,https://www.sec.gov/Archives/edgar/data/751364/0000751364-98-000002.txt,"As of December 31, 1997, the Company owned 236 Properties located in 36 states that are leased to 48 major retail tenants."
1998,activos_totales,685595000.0,na,reportado,EX-13 10-K 2000 (Historical Financial Highlights); fecha = 10-K FY1998,1999-03-30,https://www.sec.gov/Archives/edgar/data/751364/000075136401000042/0000751364-01-000042-0003.txt,"Total Assets $ 761,611 $ 749,789 $ 685,595 $ 537,014 $ 370,953 [2000, 1999, 1998, 1997, 1996]"
1998,deuda_total,292907000.0,na,reportado,EX-13 10-K 2000 (Historical Financial Highlights) (Total Long-Term Debt = notas + línea de crédito + hipotecas; desglose no leído); fecha = 10-K FY1998,1999-03-30,https://www.sec.gov/Archives/edgar/data/751364/000075136401000042/0000751364-01-000042-0003.txt,"Total Long-Term Debt $ 360,381 $ 350,971 $ 292,907 $ 171,836 $ 116,956 [2000, 1999, 1998, 1997, 1996]"
1998,dividendo_pagado_por_accion,1.23,actual,reportado,EX-13 10-K 2000 (Historical Financial Highlights); fecha = 10-K FY1998,1999-03-30,https://www.sec.gov/Archives/edgar/data/751364/000075136401000042/0000751364-01-000042-0003.txt,"Dividends $ 1.245 $ 1.24 $ 1.23 $ 1.20 $ 1.18 [2000, 1999, 1998, 1997, 1996]"
1998,ffo,42517000.0,na,reportado,EX-13 10-K 2000 (Historical Financial Highlights); FFO definido por la compañía (excluye costos de adquisición del asesor y otros no recurrentes); fecha = 10-K FY1998,1999-03-30,https://www.sec.gov/Archives/edgar/data/751364/000075136401000042/0000751364-01-000042-0003.txt,"Funds from operations (1) $ 43,949 $ 46,044 $ 42,517 $ 34,230 $ 22,570 [2000, 1999, 1998, 1997, 1996]"
1998,ffo_por_accion,1.4463,actual,calculado,"EX-13 10-K 2000 (Historical Financial Highlights): FFO 42,517,000 ÷ acciones diluidas promedio 29,397,154; no se encontró FFO/acción publicado; FFO de la compañía EXCLUYE costos de adquisición del asesor (no NAREIT estricto)",1999-03-30,https://www.sec.gov/Archives/edgar/data/751364/000075136401000042/0000751364-01-000042-0003.txt,"Funds from operations (1) $ 43,949 $ 46,044 $ 42,517 $ 34,230 $ 22,570 [2000, 1999, 1998, 1997, 1996] | Weighted Average Shares Diluted 30,407,507 30,408,219 29,397,154 24,220,792 16,838,719"
1998,ingresos_totales,64773000.0,na,reportado,EX-13 10-K 2000 (Historical Financial Highlights) (Gross Revenues); fecha = 10-K FY1998,1999-03-30,https://www.sec.gov/Archives/edgar/data/751364/000075136401000042/0000751364-01-000042-0003.txt,"Gross Revenues $ 80,891 $ 76,543 $ 64,773 $ 50,135 $ 33,369 [2000, 1999, 1998, 1997, 1996]"
1998,ocupacion,0.99,na,reportado,10-K405 FY1998 (Item 1),1999-03-30,https://www.sec.gov/Archives/edgar/data/751364/0000751364-99-000006.txt,"The Company's Property portfolio was 99 percent leased at December 31, 1998."
1998,propiedades,285.0,na,reportado,10-K405 FY1998 (Item 1; texto verificado en PDF corporate-ir 10k1998.pdf),1999-03-30,https://www.sec.gov/Archives/edgar/data/751364/0000751364-99-000006.txt,"As of December 31, 1998, the Company owned 285 properties (the ""Properties"") that are leased to major businesses"
1999,activos_totales,749789000.0,na,reportado,EX-13 10-K 2000 (Historical Financial Highlights); fecha = 10-K FY1999,2000-03-30,https://www.sec.gov/Archives/edgar/data/751364/000075136401000042/0000751364-01-000042-0003.txt,"Total Assets $ 761,611 $ 749,789 $ 685,595 $ 537,014 $ 370,953 [2000, 1999, 1998, 1997, 1996]"
1999,deuda_total,350971000.0,na,reportado,"EX-13 10-K 2000 (Historical Financial Highlights) (Total Long-Term Debt = línea de crédito 108,700 + hipotecas 40,429 + notas 201,842 (balance EX-13 2000)); fecha = 10-K FY1999",2000-03-30,https://www.sec.gov/Archives/edgar/data/751364/000075136401000042/0000751364-01-000042-0003.txt,"Total Long-Term Debt $ 360,381 $ 350,971 $ 292,907 $ 171,836 $ 116,956 [2000, 1999, 1998, 1997, 1996]"
1999,dividendo_pagado_por_accion,1.24,actual,reportado,EX-13 10-K 2000 (Historical Financial Highlights); fecha = 10-K FY1999,2000-03-30,https://www.sec.gov/Archives/edgar/data/751364/000075136401000042/0000751364-01-000042-0003.txt,"Dividends $ 1.245 $ 1.24 $ 1.23 $ 1.20 $ 1.18 [2000, 1999, 1998, 1997, 1996]"
1999,ffo,46044000.0,na,reportado,EX-13 10-K 2000 (Historical Financial Highlights); FFO definido por la compañía (excluye costos de adquisición del asesor y otros no recurrentes); fecha = 10-K FY1999,2000-03-30,https://www.sec.gov/Archives/edgar/data/751364/000075136401000042/0000751364-01-000042-0003.txt,"Funds from operations (1) $ 43,949 $ 46,044 $ 42,517 $ 34,230 $ 22,570 [2000, 1999, 1998, 1997, 1996]"
1999,ffo_por_accion,1.5142,actual,calculado,"EX-13 10-K 2000 (Historical Financial Highlights): FFO 46,044,000 ÷ acciones diluidas promedio 30,408,219; no se encontró FFO/acción publicado; FFO de la compañía EXCLUYE costos de adquisición del asesor (no NAREIT estricto)",2000-03-30,https://www.sec.gov/Archives/edgar/data/751364/000075136401000042/0000751364-01-000042-0003.txt,"Funds from operations (1) $ 43,949 $ 46,044 $ 42,517 $ 34,230 $ 22,570 [2000, 1999, 1998, 1997, 1996] | Weighted Average Shares Diluted 30,407,507 30,408,219 29,397,154 24,220,792 16,838,719"
1999,ingresos_totales,76543000.0,na,reportado,EX-13 10-K 2000 (Historical Financial Highlights) (Gross Revenues); fecha = 10-K FY1999,2000-03-30,https://www.sec.gov/Archives/edgar/data/751364/000075136401000042/0000751364-01-000042-0003.txt,"Gross Revenues $ 80,891 $ 76,543 $ 64,773 $ 50,135 $ 33,369 [2000, 1999, 1998, 1997, 1996]"
1999,ocupacion,0.99,na,reportado,10-K405 FY1999 (Item 1),2000-03-30,https://www.sec.gov/Archives/edgar/data/751364/0000751364-00-000054.txt,"The Company's Property portfolio was 99 percent leased at December 31, 1999."
1999,propiedades,270.0,na,reportado,"10-K405 FY1999 (Item 1; texto verificado en PDF corporate-ir 10k1999.pdf, 10-K/A)",2000-03-30,https://www.sec.gov/Archives/edgar/data/751364/0000751364-00-000054.txt,"As of December 31, 1999, the Company owned 270 properties (the ""Properties"") that are leased to major businesses"
2000,activos_totales,761611000.0,na,reportado,EX-13 10-K 2000 (Historical Financial Highlights); fecha = 10-K FY2000,2001-03-30,https://www.sec.gov/Archives/edgar/data/751364/000075136401000042/0000751364-01-000042-0003.txt,"Total Assets $ 761,611 $ 749,789 $ 685,595 $ 537,014 $ 370,953 [2000, 1999, 1998, 1997, 1996]"
2000,activos_totales_reexpresado,769295000.0,na,reportado,10-K 2004 (Item 6 Historical Financial Highlights): REEXPRESADO,2005-03-15,https://www.annualreports.co.uk/HostedData/AnnualReportArchive/n/NYSE_NNN_2004.pdf,"Total assets 1,300,048 1,213,778 958,300 1,010,009 769,295 [2004, 2003, 2002, 2001, 2000]"
2000,deuda_total,360381000.0,na,reportado,"EX-13 10-K 2000 (Historical Financial Highlights) (Total Long-Term Debt = línea de crédito 101,700 + hipotecas 37,351 + notas 221,330 (balance EX-13 2000)); fecha = 10-K FY2000",2001-03-30,https://www.sec.gov/Archives/edgar/data/751364/000075136401000042/0000751364-01-000042-0003.txt,"Total Long-Term Debt $ 360,381 $ 350,971 $ 292,907 $ 171,836 $ 116,956 [2000, 1999, 1998, 1997, 1996]"
2000,dividendo_pagado_por_accion,1.245,actual,reportado,EX-13 10-K 2000 (Historical Financial Highlights); fecha = 10-K FY2000,2001-03-30,https://www.sec.gov/Archives/edgar/data/751364/000075136401000042/0000751364-01-000042-0003.txt,"Dividends $ 1.245 $ 1.24 $ 1.23 $ 1.20 $ 1.18 [2000, 1999, 1998, 1997, 1996]"
2000,ffo,43949000.0,na,reportado,EX-13 10-K 2000 (Historical Financial Highlights); FFO definido por la compañía (excluye costos de adquisición del asesor y otros no recurrentes); fecha = 10-K FY2000,2001-03-30,https://www.sec.gov/Archives/edgar/data/751364/000075136401000042/0000751364-01-000042-0003.txt,"Funds from operations (1) $ 43,949 $ 46,044 $ 42,517 $ 34,230 $ 22,570 [2000, 1999, 1998, 1997, 1996]"
2000,ffo_reexpresado,42061000.0,na,reportado,10-K 2004 (Item 6 Historical Financial Highlights): REEXPRESADO a definición NAREIT (ya no suma costos del asesor/impairments),2005-03-15,https://www.annualreports.co.uk/HostedData/AnnualReportArchive/n/NYSE_NNN_2004.pdf,"Funds from operations — diluted(2) 73,065 61,749 54,595 32,034 42,061 [2004, 2003, 2002, 2001, 2000]"
2000,ffo_por_accion,1.4453,actual,calculado,"EX-13 10-K 2000 (Historical Financial Highlights): FFO 43,949,000 ÷ acciones diluidas promedio 30,407,507; no se encontró FFO/acción publicado; FFO de la compañía EXCLUYE costos de adquisición del asesor (no NAREIT estricto)",2001-03-30,https://www.sec.gov/Archives/edgar/data/751364/000075136401000042/0000751364-01-000042-0003.txt,"Funds from operations (1) $ 43,949 $ 46,044 $ 42,517 $ 34,230 $ 22,570 [2000, 1999, 1998, 1997, 1996] | Weighted Average Shares Diluted 30,407,507 30,408,219 29,397,154 24,220,792 16,838,719"
2000,ffo_por_accion_reexpresado,1.3832,actual,calculado,"10-K 2004 (Item 6 Historical Financial Highlights): REEXPRESADO NAREIT, FFO 42,061,000 ÷ acciones diluidas 30,407,507",2005-03-15,https://www.annualreports.co.uk/HostedData/AnnualReportArchive/n/NYSE_NNN_2004.pdf,"Funds from operations — diluted(2) 73,065 61,749 54,595 32,034 42,061 [2004, 2003, 2002, 2001, 2000] | Diluted 51,742,518 43,896,800 40,588,957 31,717,043 30,407,507 [2004, 2003, 2002, 2001, 2000]"
2000,ingresos_totales,80891000.0,na,reportado,EX-13 10-K 2000 (Historical Financial Highlights) (Gross Revenues); fecha = 10-K FY2000,2001-03-30,https://www.sec.gov/Archives/edgar/data/751364/000075136401000042/0000751364-01-000042-0003.txt,"Gross Revenues $ 80,891 $ 76,543 $ 64,773 $ 50,135 $ 33,369 [2000, 1999, 1998, 1997, 1996]"
2000,ingresos_totales_reexpresado,83495000.0,na,reportado,10-K 2004 (Item 6 Historical Financial Highlights): REEXPRESADO (Gross revenues),2005-03-15,https://www.annualreports.co.uk/HostedData/AnnualReportArchive/n/NYSE_NNN_2004.pdf,"Gross revenues(1) $ 157,277 $ 124,248 $ 109,812 $ 85,554 $ 83,495 [2004, 2003, 2002, 2001, 2000]"
2000,ocupacion,0.99,na,reportado,10-K405 FY2000 (Item 1),2001-03-30,https://www.sec.gov/Archives/edgar/data/751364/000075136401000042/0000751364-01-000042-0001.txt,"The Company's Property portfolio was 99 percent leased at December 31, 2000."
2000,propiedades,259.0,na,reportado,10-K405 FY2000 (Item 1; texto verificado en PDF corporate-ir 10k2000.pdf),2001-03-30,https://www.sec.gov/Archives/edgar/data/751364/000075136401000042/0000751364-01-000042-0001.txt,"As of December 31, 2000, the Company owned 259 properties (the ""Properties"") that are leased to major businesses"
2001,activos_totales,1006628000.0,na,reportado,EX-13 10-K 2001 (Historical Financial Highlights),2002-03-27,https://www.sec.gov/Archives/edgar/data/751364/000075136402000031/ex13_annualreport.htm,"Total assets 1,006,628 761,611 749,789 685,595 537,014 [2001, 2000, 1999, 1998, 1997]"
2001,activos_totales_reexpresado,1010009000.0,na,reportado,10-K 2004 (Item 6 Historical Financial Highlights): REEXPRESADO,2005-03-15,https://www.annualreports.co.uk/HostedData/AnnualReportArchive/n/NYSE_NNN_2004.pdf,"Total assets 1,300,048 1,213,778 958,300 1,010,009 769,295 [2004, 2003, 2002, 2001, 2000]"
2001,deuda_total,435333000.0,na,reportado,"EX-13 10-K 2001 (Historical Financial Highlights) (Total long-term debt = línea de crédito 107,400 + hipotecas 37,011 + notas 290,922, balance AR 2002)",2002-03-27,https://www.sec.gov/Archives/edgar/data/751364/000075136402000031/ex13_annualreport.htm,"Total long-term debt 435,333 360,381 350,971 292,907 171,836 [2001, 2000, 1999, 1998, 1997]"
2001,dividendo_pagado_por_accion,1.26,actual,reportado,EX-13 10-K 2001 (Historical Financial Highlights),2002-03-27,https://www.sec.gov/Archives/edgar/data/751364/000075136402000031/ex13_annualreport.htm,"Dividends 1.260 1.245 1.240 1.230 1.200 [2001, 2000, 1999, 1998, 1997]"
2001,ffo,44616000.0,na,reportado,"EX-13 10-K 2001 (Historical Financial Highlights); FFO de la compañía (excluye 12,582 de costos de adquisición del asesor)",2002-03-27,https://www.sec.gov/Archives/edgar/data/751364/000075136402000031/ex13_annualreport.htm,"Funds from operations (1) 44,616 43,949 46,044 42,517 34,230 [2001, 2000, 1999, 1998, 1997]"
2001,ffo_reexpresado,32034000.0,na,reportado,10-K 2004 (Item 6 Historical Financial Highlights): REEXPRESADO a definición NAREIT (ya no suma costos del asesor/impairments),2005-03-15,https://www.annualreports.co.uk/HostedData/AnnualReportArchive/n/NYSE_NNN_2004.pdf,"Funds from operations — diluted(2) 73,065 61,749 54,595 32,034 42,061 [2004, 2003, 2002, 2001, 2000]"
2001,ffo_por_accion,1.4067,actual,calculado,"EX-13 10-K 2001 (Historical Financial Highlights): FFO 44,616,000 ÷ acciones diluidas promedio 31,717,043; no se encontró FFO/acción publicado; FFO de la compañía EXCLUYE costos de adquisición del asesor (no NAREIT estricto)",2002-03-27,https://www.sec.gov/Archives/edgar/data/751364/000075136402000031/ex13_annualreport.htm,"Funds from operations (1) 44,616 43,949 46,044 42,517 34,230 | Weighted average shares Diluted 31,717,043 30,407,507 30,408,219 29,397,154 24,220,792 [2001, 2000, 1999, 1998, 1997]"
2001,ffo_por_accion_reexpresado,1.01,actual,calculado,"10-K 2004 (Item 6 Historical Financial Highlights): REEXPRESADO NAREIT, FFO 32,034,000 ÷ acciones diluidas 31,717,043",2005-03-15,https://www.annualreports.co.uk/HostedData/AnnualReportArchive/n/NYSE_NNN_2004.pdf,"Funds from operations — diluted(2) 73,065 61,749 54,595 32,034 42,061 [2004, 2003, 2002, 2001, 2000] | Diluted 51,742,518 43,896,800 40,588,957 31,717,043 30,407,507 [2004, 2003, 2002, 2001, 2000]"
2001,ingresos_totales,80526000.0,na,reportado,EX-13 10-K 2001 (Historical Financial Highlights) (Gross revenues),2002-03-27,https://www.sec.gov/Archives/edgar/data/751364/000075136402000031/ex13_annualreport.htm,"Gross revenues $ 80,526 $ 80,891 $ 76,543 $ 64,773 $ 50,135 [2001, 2000, 1999, 1998, 1997]"
2001,ingresos_totales_reexpresado,85554000.0,na,reportado,10-K 2004 (Item 6 Historical Financial Highlights): REEXPRESADO (Gross revenues incl. discontinuadas/Services),2005-03-15,https://www.annualreports.co.uk/HostedData/AnnualReportArchive/n/NYSE_NNN_2004.pdf,"Gross revenues(1) $ 157,277 $ 124,248 $ 109,812 $ 85,554 $ 83,495 [2004, 2003, 2002, 2001, 2000]"
2001,inversion_en_adquisiciones,240137000.0,na,reportado,"AR/10-K 2003 (MD&A Property Acquisitions): incluye 137 propiedades (fusión Captec dic-2001), construcción y mejoras; primera aparición leída",2004-03-12,https://www.annualreports.co.uk/HostedData/AnnualReportArchive/n/NYSE_NNN_2003.pdf,"Number of properties 23 9 137 ... Total dollars invested in real estate $ 212,317,000 $ 45,541,000 $ 240,137,000 [2003, 2002, 2001]"
2001,ocupacion,0.89,na,reportado,10-K FY2001 (Item 1; % del área bruta arrendable),2002-03-27,https://www.sec.gov/Archives/edgar/data/751364/000075136402000031/k10_2001.htm,"Approximately 89 percent of the gross leasable area of the Company's Property portfolio was leased at December 31, 2001."
2001,propiedades,351.0,na,reportado,10-K FY2001 (Item 1),2002-03-27,https://www.sec.gov/Archives/edgar/data/751364/000075136402000031/k10_2001.htm,"As of December 31, 2001, the Company owned 351 properties (the ""Properties"") that are leased to major businesses"
2002,activos_totales,954108000.0,na,reportado,AR/EX-13 10-K 2002 (Historical Financial Highlights),2003-03-28,https://www.annualreports.co.uk/HostedData/AnnualReportArchive/n/NYSE_NNN_2002.pdf,"Total assets 954,108 1,006,628 761,611 749,789 685,595 [2002, 2001, 2000, 1999, 1998]"
2002,activos_totales_reexpresado,958300000.0,na,reportado,10-K 2004 (Item 6 Historical Financial Highlights): REEXPRESADO,2005-03-15,https://www.annualreports.co.uk/HostedData/AnnualReportArchive/n/NYSE_NNN_2004.pdf,"Total assets 1,300,048 1,213,778 958,300 1,010,009 769,295 [2004, 2003, 2002, 2001, 2000]"
2002,deuda_total,384589000.0,na,reportado,"AR/EX-13 10-K 2002 (Historical Financial Highlights) (Total long-term debt = línea de crédito 38,900 + hipotecas 55,481 + notas 290,208)",2003-03-28,https://www.annualreports.co.uk/HostedData/AnnualReportArchive/n/NYSE_NNN_2002.pdf,"Total long-term debt 384,589 435,333 360,381 350,971 292,907 [2002, 2001, 2000, 1999, 1998]"
2002,deuda_total_reexpresado,386912000.0,na,reportado,10-K 2004 (Item 6 Historical Financial Highlights): REEXPRESADO (Total debt),2005-03-15,https://www.annualreports.co.uk/HostedData/AnnualReportArchive/n/NYSE_NNN_2004.pdf,"Total debt 524,241 467,419 386,912 435,333 360,381 [2004, 2003, 2002, 2001, 2000]"
2002,dividendo_pagado_por_accion,1.27,actual,reportado,AR/EX-13 10-K 2002 (Historical Financial Highlights),2003-03-28,https://www.annualreports.co.uk/HostedData/AnnualReportArchive/n/NYSE_NNN_2002.pdf,"Dividends paid to common stockholders 1.270 1.260 1.245 1.240 1.230 [2002, 2001, 2000, 1999, 1998]"
2002,ffo,57881000.0,na,reportado,AR/EX-13 10-K 2002 (Historical Financial Highlights); FFO de la compañía,2003-03-28,https://www.annualreports.co.uk/HostedData/AnnualReportArchive/n/NYSE_NNN_2002.pdf,"Funds from operations(2) 57,881 44,616 43,949 46,044 42,517 [2002, 2001, 2000, 1999, 1998]"
2002,ffo_reexpresado,54595000.0,na,reportado,10-K 2004 (Item 6 Historical Financial Highlights): REEXPRESADO a definición NAREIT (ya no suma costos del asesor/impairments),2005-03-15,https://www.annualreports.co.uk/HostedData/AnnualReportArchive/n/NYSE_NNN_2004.pdf,"Funds from operations — diluted(2) 73,065 61,749 54,595 32,034 42,061 [2004, 2003, 2002, 2001, 2000]"
2002,ffo_por_accion,1.43,actual,reportado,"AR 2002 (carta a accionistas, 1-mar-2003); FFO de la compañía (suma impairments); 57,881/40,588,957=1.426",2003-03-28,https://www.annualreports.co.uk/HostedData/AnnualReportArchive/n/NYSE_NNN_2002.pdf,"During 2002, Funds From Operations (FFO), one of the key measures of a REIT’s performance, increased to $1.43 per share."
2002,ffo_por_accion_reexpresado,1.3451,actual,calculado,"10-K 2004 (Item 6 Historical Financial Highlights): REEXPRESADO NAREIT, FFO 54,595,000 ÷ acciones diluidas 40,588,957",2005-03-15,https://www.annualreports.co.uk/HostedData/AnnualReportArchive/n/NYSE_NNN_2004.pdf,"Funds from operations — diluted(2) 73,065 61,749 54,595 32,034 42,061 [2004, 2003, 2002, 2001, 2000] | Diluted 51,742,518 43,896,800 40,588,957 31,717,043 30,407,507 [2004, 2003, 2002, 2001, 2000]"
2002,ingresos_totales,97510000.0,na,reportado,AR/EX-13 10-K 2002 (Historical Financial Highlights) (Gross revenues),2003-03-28,https://www.annualreports.co.uk/HostedData/AnnualReportArchive/n/NYSE_NNN_2002.pdf,"Gross revenues(1) $ 97,510 $ 80,526 $ 80,891 $ 76,543 $ 64,773 [2002, 2001, 2000, 1999, 1998]"
2002,ingresos_totales_reexpresado,109812000.0,na,reportado,10-K 2004 (Item 6 Historical Financial Highlights): REEXPRESADO,2005-03-15,https://www.annualreports.co.uk/HostedData/AnnualReportArchive/n/NYSE_NNN_2004.pdf,"Gross revenues(1) $ 157,277 $ 124,248 $ 109,812 $ 85,554 $ 83,495 [2004, 2003, 2002, 2001, 2000]"
2002,ingresos_totales_reexpresado_2,102067000.0,na,reportado,10-K 2006 (Item 6): REEXPRESADO de nuevo,2007-02-21,https://www.annualreports.co.uk/HostedData/AnnualReportArchive/n/NYSE_NNN_2006.pdf,"Gross revenues(1) $ 180,876 $ 151,831 $ 133,875 $ 112,073 $ 102,067 [2006, 2005, 2004, 2003, 2002]"
2002,inversion_en_adquisiciones,45800000.0,na,reportado,"AR 2002 (carta): incluye adquisiciones, construcción terminada y mejoras a inquilinos",2003-03-28,https://www.annualreports.co.uk/HostedData/AnnualReportArchive/n/NYSE_NNN_2002.pdf,"We improved the portfolio by selling 19 properties for $29.9 million and investing $45.8 million in property acquisitions, completed construction projects and tenant improvements."
2002,inversion_en_adquisiciones_reexpresado,45541000.0,na,reportado,AR/10-K 2003 (MD&A Property Acquisitions): 9 propiedades + construcción + mejoras,2004-03-12,https://www.annualreports.co.uk/HostedData/AnnualReportArchive/n/NYSE_NNN_2003.pdf,"Number of properties 23 9 137 ... Total dollars invested in real estate $ 212,317,000 $ 45,541,000 $ 240,137,000 [2003, 2002, 2001]"
2002,ocupacion,0.94,na,reportado,AR/10-K 2002 (MD&A; % del área bruta arrendable),2003-03-28,https://www.annualreports.co.uk/HostedData/AnnualReportArchive/n/NYSE_NNN_2002.pdf,"Approximately 94 percent of the gross leasable area of the Company’s Property portfolio was leased at December 31, 2002."
2002,propiedades,341.0,na,reportado,AR/10-K 2002 (MD&A Introduction),2003-03-28,https://www.annualreports.co.uk/HostedData/AnnualReportArchive/n/NYSE_NNN_2002.pdf,"As of December 31, 2002, the Company owned 341 properties (the “Properties”) that are leased to retail businesses"
2002,propiedades_reexpresado,350.0,na,reportado,10-K 2004 (MD&A Property Analysis): REEXPRESADO como 'Investment Properties Owned',2005-03-15,https://www.annualreports.co.uk/HostedData/AnnualReportArchive/n/NYSE_NNN_2004.pdf,"Investment Properties Owned: Number 362 348 350 [2004, 2003, 2002]"
2003,activos_totales,1208310000.0,na,reportado,AR/EX-13 10-K 2003 (Historical Financial Highlights) (igual en balance),2004-03-12,https://www.annualreports.co.uk/HostedData/AnnualReportArchive/n/NYSE_NNN_2003.pdf,"Total assets $ 1,208,310 $ 954,108 [balance 2003, 2002]"
2003,activos_totales_reexpresado,1213778000.0,na,reportado,10-K 2004 (Item 6 Historical Financial Highlights): REEXPRESADO,2005-03-15,https://www.annualreports.co.uk/HostedData/AnnualReportArchive/n/NYSE_NNN_2004.pdf,"Total assets 1,300,048 1,213,778 958,300 1,010,009 769,295 [2004, 2003, 2002, 2001, 2000]"
2003,activos_totales_reexpresado_2,1211639000.0,na,reportado,10-K 2007 (Item 6): REEXPRESADO de nuevo,2008-02-22,https://www.annualreports.co.uk/HostedData/AnnualReportArchive/n/NYSE_NNN_2007.pdf,"Total assets 2,539,605 1,917,497 1,736,588 1,300,517 1,211,639 [2007, 2006, 2005, 2004, 2003]"
2003,deuda_total,465138000.0,na,reportado,"AR/EX-13 10-K 2003 (Historical Financial Highlights) (Total long-term debt = línea de crédito 27,800 + hipotecas 147,580 + notas 289,758)",2004-03-12,https://www.annualreports.co.uk/HostedData/AnnualReportArchive/n/NYSE_NNN_2003.pdf,"Line of credit payable $ 27,800 / Mortgages payable 147,580 / Notes payable ... 289,758 [balance 31-dic-2003]; Highlights: Total long-term debt 465,138"
2003,deuda_total_reexpresado,467419000.0,na,reportado,"10-K 2004 (Item 6 Historical Financial Highlights): REEXPRESADO (hipotecas 149,861)",2005-03-15,https://www.annualreports.co.uk/HostedData/AnnualReportArchive/n/NYSE_NNN_2004.pdf,"Total debt 524,241 467,419 386,912 435,333 360,381 [2004, 2003, 2002, 2001, 2000]"
2003,dividendo_pagado_por_accion,1.28,actual,reportado,8-K 2004-01-21 (resultados 2003); AR 2003: Dividends paid to common stockholders 1.280,2004-01-21,https://www.sec.gov/Archives/edgar/data/751364/000075136404000003/pr-012104.htm,Dividends increased to $1.28 per share marking 14 consecutive years of increases
2003,ffo,64162000.0,na,reportado,8-K 2004-01-21 (resultados 2003); igual en AR 2003 'Funds from operations - diluted',2004-01-21,https://www.sec.gov/Archives/edgar/data/751364/000075136404000003/pr-012104.htm,"Funds from operations for the year ended December 31, 2003 were $64,162,000 or $1.46 per share"
2003,ffo_reexpresado,61749000.0,na,reportado,8-K 2005-02-02: REEXPRESADO NAREIT (FFO disponible a comunes diluido),2005-02-02,https://www.sec.gov/Archives/edgar/data/751364/000075136405000006/pr-020205.htm,"compared to $61,749,000 or $1.41 per share for the same period last year."
2003,ffo_por_accion,1.46,actual,reportado,"8-K 2004-01-21 (resultados 2003); FFO de la compañía (suma liquidación accionistas disidentes 2,413)",2004-01-21,https://www.sec.gov/Archives/edgar/data/751364/000075136404000003/pr-012104.htm,"Funds from operations for the year ended December 31, 2003 were $64,162,000 or $1.46 per share compared to $57,881,000 or $1.43 per share for the year ended December 31, 2002."
2003,ffo_por_accion_reexpresado,1.41,actual,reportado,8-K 2005-02-02 (resultados 2004): REEXPRESADO a NAREIT,2005-02-02,https://www.sec.gov/Archives/edgar/data/751364/000075136405000006/pr-020205.htm,"Funds from operations available to common shareholders for the year ended December 31, 2004 were $73,065,000 or $1.41 per share compared to $61,749,000 or $1.41 per share for the same period last year."
2003,ingresos_totales,104656000.0,na,reportado,"AR/EX-13 10-K 2003 (Historical Financial Highlights) (Gross revenues; el 8-K 2004-01-21 reporta 'revenues' 102,658 con otra definición)",2004-03-12,https://www.annualreports.co.uk/HostedData/AnnualReportArchive/n/NYSE_NNN_2003.pdf,"Gross revenues(1) ... 2003 2002 2001 2000 1999 $ 104,656 $ 97,510 $ 80,526 $ 80,891 $ 76,543"
2003,ingresos_totales_reexpresado,124248000.0,na,reportado,10-K 2004 (Item 6 Historical Financial Highlights): REEXPRESADO,2005-03-15,https://www.annualreports.co.uk/HostedData/AnnualReportArchive/n/NYSE_NNN_2004.pdf,"Gross revenues(1) $ 157,277 $ 124,248 $ 109,812 $ 85,554 $ 83,495 [2004, 2003, 2002, 2001, 2000]"
2003,ingresos_totales_reexpresado_2,112073000.0,na,reportado,10-K 2006 (Item 6): REEXPRESADO de nuevo,2007-02-21,https://www.annualreports.co.uk/HostedData/AnnualReportArchive/n/NYSE_NNN_2006.pdf,"Gross revenues(1) $ 180,876 $ 151,831 $ 133,875 $ 112,073 $ 102,067 [2006, 2005, 2004, 2003, 2002]"
2003,inversion_en_adquisiciones,212317000.0,na,reportado,AR/10-K 2003 (MD&A Property Acquisitions): 23 propiedades + construcción + mejoras (8-K 2004-01-21 reporta $281.8M incl. afiliadas),2004-03-12,https://www.annualreports.co.uk/HostedData/AnnualReportArchive/n/NYSE_NNN_2003.pdf,"Number of properties 23 9 137 ... Total dollars invested in real estate $ 212,317,000 $ 45,541,000 $ 240,137,000 [2003, 2002, 2001]"
2003,ocupacion,0.97,na,reportado,8-K 2004-01-21 (resultados 2003); AR 2003 confirma ~97% del GLA al 31-dic-2003,2004-01-21,https://www.sec.gov/Archives/edgar/data/751364/000075136404000003/pr-012104.htm,Increased occupancy from 95% to 97%
2003,propiedades,339.0,na,reportado,AR/10-K 2003 (MD&A Overview),2004-03-12,https://www.annualreports.co.uk/HostedData/AnnualReportArchive/n/NYSE_NNN_2003.pdf,"As of December 31, 2003, the Company owned 339 properties (the “Properties”) that are leased to established tenants"
2003,propiedades_reexpresado,348.0,na,reportado,10-K 2004 (MD&A Property Analysis): REEXPRESADO como 'Investment Properties Owned',2005-03-15,https://www.annualreports.co.uk/HostedData/AnnualReportArchive/n/NYSE_NNN_2004.pdf,"Investment Properties Owned: Number 362 348 350 [2004, 2003, 2002]"
2004,activos_totales,1300048000.0,na,reportado,10-K 2004 (Item 6 Historical Financial Highlights),2005-03-15,https://www.annualreports.co.uk/HostedData/AnnualReportArchive/n/NYSE_NNN_2004.pdf,"Total assets 1,300,048 1,213,778 958,300 1,010,009 769,295 [2004, 2003, 2002, 2001, 2000]"
2004,deuda_total,524241000.0,na,reportado,"10-K 2004 (Item 6 Historical Financial Highlights) (Total debt = línea de crédito 17,900 + hipotecas 157,168 + notas 323,132 + obligación de arrendamiento financiero 26,041)",2005-03-15,https://www.annualreports.co.uk/HostedData/AnnualReportArchive/n/NYSE_NNN_2004.pdf,"Total debt 524,241 467,419 386,912 435,333 360,381 [2004, 2003, 2002, 2001, 2000]"
2004,dividendo_pagado_por_accion,1.29,actual,reportado,8-K 2005-02-02 (resultados 2004); 10-K 2004: Dividends paid to Common stockholders 1.290,2005-02-02,https://www.sec.gov/Archives/edgar/data/751364/000075136405000006/pr-020205.htm,Dividends increased to $1.29 per share marking 15 consecutive years of increases
2004,ffo,73065000.0,na,reportado,8-K 2005-02-02 (resultados 2004); FFO disponible a comunes diluido,2005-02-02,https://www.sec.gov/Archives/edgar/data/751364/000075136405000006/pr-020205.htm,"Funds from operations available to common shareholders for the year ended December 31, 2004 were $73,065,000 or $1.41 per share"
2004,ffo_por_accion,1.41,actual,reportado,8-K 2005-02-02 (resultados 2004); NAREIT,2005-02-02,https://www.sec.gov/Archives/edgar/data/751364/000075136405000006/pr-020205.htm,"Funds from operations available to common shareholders for the year ended December 31, 2004 were $73,065,000 or $1.41 per share"
2004,ingresos_totales,157277000.0,na,reportado,"10-K 2004 (Item 6 Historical Financial Highlights) (Gross revenues incl. discontinuadas; 8-K reporta 'revenues' 129,309)",2005-03-15,https://www.annualreports.co.uk/HostedData/AnnualReportArchive/n/NYSE_NNN_2004.pdf,"Gross revenues(1) $ 157,277 $ 124,248 $ 109,812 $ 85,554 $ 83,495 [2004, 2003, 2002, 2001, 2000]"
2004,ingresos_totales_reexpresado,133875000.0,na,reportado,10-K 2006 (Item 6): REEXPRESADO,2007-02-21,https://www.annualreports.co.uk/HostedData/AnnualReportArchive/n/NYSE_NNN_2006.pdf,"Gross revenues(1) $ 180,876 $ 151,831 $ 133,875 $ 112,073 $ 102,067 [2006, 2005, 2004, 2003, 2002]"
2004,inversion_en_adquisiciones,139303000.0,na,reportado,"10-K 2004 (MD&A Property Acquisitions, Investment Properties: 36 propiedades); 8-K 2005-02-02 ya decía '$139 million is included in the Company's investment property portfolio' (total con afiliadas $216M)",2005-02-02,https://www.annualreports.co.uk/HostedData/AnnualReportArchive/n/NYSE_NNN_2004.pdf,"Number of Investment Properties 36 23 9 ... Total dollars invested $139,303,000 $212,317,000 $45,541,000 [2004, 2003, 2002]"
2004,ocupacion,0.974,na,reportado,"8-K 2005-02-02 (resultados 2004); fecha al 31-dic-2004 confirmada en 8-K 2006-02-03 ('compared to 97.4% at December 31, 2004'); 10-K 2004 redondea a 97%",2005-02-02,https://www.sec.gov/Archives/edgar/data/751364/000075136405000006/pr-020205.htm,Increased occupancy to 97.4%
2004,propiedades,362.0,na,reportado,"8-K 2005-02-02; 10-K 2004: 'As of December 31, 2004, the Company owned 362 Investment Properties'",2005-02-02,https://www.sec.gov/Archives/edgar/data/751364/000075136405000006/pr-020205.htm,The Company currently owns 362 investment properties in 38 states with a gross leasable area of approximately 8.3 million square feet.
2005,activos_totales,1733416000.0,na,reportado,10-K 2005 (Item 6 Historical Financial Highlights),2006-02-27,https://www.annualreports.co.uk/HostedData/AnnualReportArchive/n/NYSE_NNN_2005.pdf,"Total assets 1,733,416 1,300,048 1,213,778 958,300 1,010,009 [2005, 2004, 2003, 2002, 2001]"
2005,activos_totales_reexpresado,1736588000.0,na,reportado,10-K 2007 (Item 6): REEXPRESADO,2008-02-22,https://www.annualreports.co.uk/HostedData/AnnualReportArchive/n/NYSE_NNN_2007.pdf,"Total assets 2,539,605 1,917,497 1,736,588 1,300,517 1,211,639 [2007, 2006, 2005, 2004, 2003]"
2005,deuda_total,861045000.0,na,reportado,"10-K 2005 (Item 6 Historical Financial Highlights) (Total debt = línea 162,300 + hipotecas 151,133 + notas garantizadas 28,250 + notas 493,321 + arrend. financiero 26,041)",2006-02-27,https://www.annualreports.co.uk/HostedData/AnnualReportArchive/n/NYSE_NNN_2005.pdf,"Total debt 861,045 524,241 467,419 386,912 435,333 [2005, 2004, 2003, 2002, 2001]"
2005,dividendo_pagado_por_accion,1.3,actual,reportado,10-K 2005 (Item 6 Historical Financial Highlights),2006-02-27,https://www.annualreports.co.uk/HostedData/AnnualReportArchive/n/NYSE_NNN_2005.pdf,"Dividends paid to: Common stockholders 1.30 1.29 1.28 1.27 1.26 [2005, 2004, 2003, 2002, 2001]"
2005,ffo,81803000.0,na,reportado,10-K 2005 (Item 6); FFO disponible a comunes diluido; publicado primero en 8-K 2006-02-03 (FFO/acción $1.50),2006-02-03,https://www.annualreports.co.uk/HostedData/AnnualReportArchive/n/NYSE_NNN_2005.pdf,"Funds from operations—diluted(2) 81,803 73,065 61,749 54,595 32,034 [10-K 2005: 2005..2001]"
2005,ffo_por_accion,1.5,actual,reportado,8-K 2006-02-03 (resultados 2005); NAREIT. (La compañía también publicó 'FFO (Operations)' $1.54 excl. ganancia extraordinaria e impairment),2006-02-03,https://www.sec.gov/Archives/edgar/data/751364/000119312506019079/dex991.htm,"FFO per common share (diluted) ... Diluted $ 0.36 $ 0.39 $ 1.50 $ 1.41 [4T2005, 4T2004, año 2005, año 2004] / Diluted (Operations) $ 0.40 $ 0.40 $ 1.54 $ 1.48"
2005,ingresos_totales,173458000.0,na,reportado,"10-K 2005 (Item 6 Historical Financial Highlights) (Gross revenues; 8-K reporta 'revenues' 145,177)",2006-02-27,https://www.annualreports.co.uk/HostedData/AnnualReportArchive/n/NYSE_NNN_2005.pdf,"Gross revenues(1) $ 173,458 $ 157,277 $ 124,248 $ 109,812 $ 85,554 [2005, 2004, 2003, 2002, 2001]"
2005,ingresos_totales_reexpresado,151831000.0,na,reportado,10-K 2006 (Item 6): REEXPRESADO,2007-02-21,https://www.annualreports.co.uk/HostedData/AnnualReportArchive/n/NYSE_NNN_2006.pdf,"Gross revenues(1) $ 180,876 $ 151,831 $ 133,875 $ 112,073 $ 102,067 [2006, 2005, 2004, 2003, 2002]"
2005,inversion_en_adquisiciones,332461000.0,na,reportado,10-K 2005 (MD&A Property Acquisitions: 170 Investment Properties); 8-K 2006-02-03 decía '$332.4 million',2006-02-27,https://www.annualreports.co.uk/HostedData/AnnualReportArchive/n/NYSE_NNN_2005.pdf,"Number of Investment Properties 170 36 23 ... Total dollars invested $332,461,000 $139,303,0000 $212,317,000 [2005, 2004, 2003]"
2005,ocupacion,0.983,na,reportado,8-K 2006-02-03 (resultados 2005); 10-K 2005 redondea a 98%,2006-02-03,https://www.sec.gov/Archives/edgar/data/751364/000119312506019079/dex991.htm,"Investment Portfolio occupancy increased to 98.3% at December 31, 2005, compared to 97.4% at December 31, 2004."
2005,propiedades,524.0,na,reportado,8-K 2006-02-03 (resultados 2005); igual en 10-K 2005,2006-02-03,https://www.sec.gov/Archives/edgar/data/751364/000119312506019079/dex991.htm,"As of December 31, 2005, the Company owned 524 Investment Properties in 41 states with a gross leasable area of approximately 9.2 million square feet."
2006,activos_totales,1916785000.0,na,reportado,"10-K 2006 (Item 6 Historical Financial Highlights) (10-K 2007/2008 lo reexpresan a 1,917,497/1,917,495: <0.1%)",2007-02-21,https://www.annualreports.co.uk/HostedData/AnnualReportArchive/n/NYSE_NNN_2006.pdf,"Total assets 1,916,785 1,733,416 1,300,048 1,213,778 958,300 [2006, 2005, 2004, 2003, 2002]"
2006,cap_rate_adquisicion,0.085,na,reportado,AR 2006 (carta a accionistas; 'average yield of approximately 8.5%'); fecha aprox. = metadatos PDF del informe anual (no presentado a la SEC),2007-03-30,https://www.annualreports.co.uk/HostedData/AnnualReportArchive/n/NYSE_NNN_2006.pdf,"In 2006, we acquired 213 different retail properties for $372 million at an average yield of approximately 8.5%."
2006,deuda_total,776737000.0,na,reportado,"10-K 2006 (Item 6 Historical Financial Highlights) (Total debt = línea 28,000 + hipotecas 35,892 + notas garantizadas 24,500 + convertibles 172,500 + notas 489,804 + arrend. financiero 26,041)",2007-02-21,https://www.annualreports.co.uk/HostedData/AnnualReportArchive/n/NYSE_NNN_2006.pdf,"Total debt 776,737 861,045 524,241 467,419 386,912 [2006, 2005, 2004, 2003, 2002]"
2006,dividendo_declarado_por_accion,1.32,actual,reportado,10-K 2006 (Item 6 Historical Financial Highlights) ('Dividends declared to'),2007-02-21,https://www.annualreports.co.uk/HostedData/AnnualReportArchive/n/NYSE_NNN_2006.pdf,"Dividends declared to: Common stockholders 1.32 1.30 1.29 1.28 1.27 [2006, 2005, 2004, 2003, 2002]"
2006,dividendo_pagado_por_accion,1.32,actual,reportado,"10-K 2006 (Item 5, tabla trimestral)",2007-02-21,https://www.annualreports.co.uk/HostedData/AnnualReportArchive/n/NYSE_NNN_2006.pdf,"Dividends paid per share 0.325 0.325 0.335 0.335 1.320 [2006 Q1..Q4, Year]"
2006,ffo,97121000.0,na,reportado,10-K 2006 (Item 6); publicado primero en 8-K 2007-01-31,2007-01-31,https://www.annualreports.co.uk/HostedData/AnnualReportArchive/n/NYSE_NNN_2006.pdf,"Funds from operations – diluted(2) 97,121 81,803 73,065 61,749 54,595 [10-K 2006: 2006..2002]"
2006,ffo_por_accion,1.67,actual,reportado,8-K 2007-01-31 (resultados 2006); NAREIT; AR 2006 carta: 'our FFO grew by 11.3 percent to $1.67 per share',2007-01-31,https://www.sec.gov/Archives/edgar/data/751364/000119312507016845/dex991.htm,"Annual revenues increased 27.3% and Funds From Operations (""FFO"") per share increased 11.3% compared to 2005. / Year Ended December 31, 2006 2005: FFO per common share (diluted) $1.67 $1.50"
2006,ingresos_totales,180876000.0,na,reportado,10-K 2006 (Item 6 Historical Financial Highlights) (Gross revenues; carta AR menciona 'total revenue of $150.8 million' con otra definición),2007-02-21,https://www.annualreports.co.uk/HostedData/AnnualReportArchive/n/NYSE_NNN_2006.pdf,"Gross revenues(1) $ 180,876 $ 151,831 $ 133,875 $ 112,073 $ 102,067 [2006, 2005, 2004, 2003, 2002]"
2006,inversion_en_adquisiciones,371898000.0,na,reportado,"10-K 2006 (MD&A: 213 Investment Properties, incl. proyectos en construcción); 8-K 2007-01-31 ya decía '$371.9 million in the Investment Portfolio, including acquiring 213 properties'",2007-01-31,https://www.annualreports.co.uk/HostedData/AnnualReportArchive/n/NYSE_NNN_2006.pdf,"Number of Investment Properties 213 170 36 ... Total dollars invested (1) $ 371,898 $ 332,461 $ 139,303 [2006, 2005, 2004; dollars in thousands]"
2006,ocupacion,0.982,na,reportado,8-K 2007-01-31 (resultados 2006); 10-K 2006 redondea a ~98%,2007-01-31,https://www.sec.gov/Archives/edgar/data/751364/000119312507016845/dex991.htm,"Investment Portfolio occupancy was 98.2% at December 31, 2006."
2006,propiedades,710.0,na,reportado,8-K 2007-01-31 (resultados 2006); igual en 10-K 2006,2007-01-31,https://www.sec.gov/Archives/edgar/data/751364/000119312507016845/dex991.htm,"As of December 31, 2006, the company owned 710 Investment properties in 44 states with a gross leasable area of approximately 9.3 million square feet."
2007,activos_totales,2539605000.0,na,reportado,10-K 2007 (Item 6 Historical Financial Highlights),2008-02-22,https://www.annualreports.co.uk/HostedData/AnnualReportArchive/n/NYSE_NNN_2007.pdf,"Total assets 2,539,605 1,917,497 1,736,588 1,300,517 1,211,639 [2007, 2006, 2005, 2004, 2003]"
2007,deuda_total,1060070000.0,na,reportado,"10-K 2007 (Item 6 Historical Financial Highlights) (Total debt = línea 129,800 + hipotecas 27,480 + notas garantizadas 12,000 + convertibles 172,500 + notas 718,290)",2008-02-22,https://www.annualreports.co.uk/HostedData/AnnualReportArchive/n/NYSE_NNN_2007.pdf,"Total debt 1,060,070 776,737 861,045 524,241 467,419 [2007, 2006, 2005, 2004, 2003]"
2007,dividendo_declarado_por_accion,1.4,actual,reportado,10-K 2007 (Item 6 Historical Financial Highlights),2008-02-22,https://www.annualreports.co.uk/HostedData/AnnualReportArchive/n/NYSE_NNN_2007.pdf,"Dividends declared to: Common stockholders 1.40 1.32 1.30 1.29 1.28 [2007, 2006, 2005, 2004, 2003]"
2007,dividendo_pagado_por_accion,1.4,actual,reportado,"10-K 2007 (Item 5, tabla trimestral)",2008-02-22,https://www.annualreports.co.uk/HostedData/AnnualReportArchive/n/NYSE_NNN_2007.pdf,"Dividends paid per share 0.335 0.355 0.355 0.355 1.400 [2007 Q1..Q4, Year]"
2007,ffo,124113000.0,na,reportado,10-K 2007 (Item 6); publicado primero en 8-K 2008-02-04,2008-02-04,https://www.annualreports.co.uk/HostedData/AnnualReportArchive/n/NYSE_NNN_2007.pdf,"Funds from operations – diluted(2) 124,113 97,121 81,803 73,065 61,749 [10-K 2007: 2007..2003]"
2007,ffo_por_accion,1.87,actual,reportado,8-K 2008-02-04 (resultados 2007); NAREIT,2008-02-04,https://www.sec.gov/Archives/edgar/data/751364/000119312508018565/dex991.htm,"FFO per share increased 12.0% to a record $1.87 per share. / Diluted $0.45 $0.46 $1.87 $1.67 [4T2007, 4T2006, año 2007, año 2006]"
2007,ingresos_totales,208630000.0,na,reportado,"10-K 2007 (Item 6 Historical Financial Highlights) (Gross revenues; 10-K 2008: 208,629)",2008-02-22,https://www.annualreports.co.uk/HostedData/AnnualReportArchive/n/NYSE_NNN_2007.pdf,"Gross revenues(1) $ 208,630 $ 180,878 151,831 133,875 112,073 [2007, 2006, 2005, 2004, 2003]"
2007,inversion_en_adquisiciones,696682000.0,na,reportado,"10-K 2007 (MD&A: 235 Investment Properties); 8-K 2008-02-04 ya decía '$696.7 million in the Investment Portfolio, including acquiring 235 properties'",2008-02-04,https://www.annualreports.co.uk/HostedData/AnnualReportArchive/n/NYSE_NNN_2007.pdf,"Number of Investment Properties 235 213 170 ... Total dollars invested(1) $ 696,682 $ 371,898 $ 332,461 [2007, 2006, 2005; dollars in thousands]"
2007,ocupacion,0.983,na,reportado,8-K 2008-02-04 (resultados 2007); 10-K 2007 redondea a ~98%,2008-02-04,https://www.sec.gov/Archives/edgar/data/751364/000119312508018565/dex991.htm,"Investment Portfolio occupancy was 98.3% at December 31, 2007."
2007,propiedades,908.0,na,reportado,8-K 2008-02-04 (resultados 2007); igual en 10-K 2007,2008-02-04,https://www.sec.gov/Archives/edgar/data/751364/000119312508018565/dex991.htm,"As of December 31, 2007, the company owned 908 Investment properties in 44 states with a gross leasable area of approximately 10.6 million square feet."
2008,activos_totales,2649362000.0,na,reportado,10-K 2008 (Item 6 Historical Financial Highlights),2009-02-26,https://www.annualreports.co.uk/HostedData/AnnualReportArchive/n/NYSE_NNN_2008.pdf,"Total assets 2,649,362 2,539,605 1,917,495 1,736,588 1,300,517 [2008, 2007, 2006, 2005, 2004]"
2008,deuda_total,1052804000.0,na,reportado,"10-K 2008 (Item 6 Historical Financial Highlights) (Total debt = línea 26,500 + hipotecas 26,290 + convertibles 381,535 + notas 618,479)",2009-02-26,https://www.annualreports.co.uk/HostedData/AnnualReportArchive/n/NYSE_NNN_2008.pdf,"Total debt 1,052,804 1,060,070 776,737 861,045 524,241 [2008, 2007, 2006, 2005, 2004]"
2008,dividendo_declarado_por_accion,1.48,actual,reportado,10-K 2008 (Item 6 Historical Financial Highlights),2009-02-26,https://www.annualreports.co.uk/HostedData/AnnualReportArchive/n/NYSE_NNN_2008.pdf,"Dividends declared to: Common stockholders 1.48 1.40 1.32 1.30 1.29 [2008, 2007, 2006, 2005, 2004]"
2008,dividendo_pagado_por_accion,1.48,actual,reportado,"10-K 2008 (Item 5, tabla trimestral)",2009-02-26,https://www.annualreports.co.uk/HostedData/AnnualReportArchive/n/NYSE_NNN_2008.pdf,"Dividends paid per share 0.355 0.375 0.375 0.375 1.480 [2008 Q1..Q4, Year]"
2008,ffo,148284000.0,na,reportado,10-K 2008 (Item 6); publicado primero en 8-K 2009-02-03,2009-02-03,https://www.annualreports.co.uk/HostedData/AnnualReportArchive/n/NYSE_NNN_2008.pdf,"Funds from operations – diluted(2) 148,284 124,113 97,121 81,803 73,065 [10-K 2008: 2008..2004]"
2008,ffo_por_accion,1.99,actual,reportado,8-K 2009-02-03 (resultados 2008); NAREIT,2009-02-03,https://www.sec.gov/Archives/edgar/data/751364/000119312509016998/dex991.htm,FFO per share increased 6.4% to a record high of $1.99 / Diluted: 2008 $1.99 2007 $1.87
2008,ingresos_totales,247352000.0,na,reportado,10-K 2008 (Item 6 Historical Financial Highlights) (Gross revenues),2009-02-26,https://www.annualreports.co.uk/HostedData/AnnualReportArchive/n/NYSE_NNN_2008.pdf,"Gross revenues(1) $ 247,352 $ 208,629 $ 180,877 $ 151,831 $ 133,875 [2008, 2007, 2006, 2005, 2004]"
2008,inversion_en_adquisiciones,355107000.0,na,reportado,10-K 2008 (MD&A: 109 Investment Properties); 8-K 2009-02-03 ya decía 'Invested $355 million in 109 properties',2009-02-03,https://www.annualreports.co.uk/HostedData/AnnualReportArchive/n/NYSE_NNN_2008.pdf,"Number of Investment Properties 109 235 213 ... Total dollars invested(1) $ 355,107 $ 696,682 $ 371,898 [2008, 2007, 2006; dollars in thousands]"
2008,ocupacion,0.967,na,reportado,8-K 2009-02-03 (resultados 2008); 10-K 2008 redondea a ~97%,2009-02-03,https://www.sec.gov/Archives/edgar/data/751364/000119312509016998/dex991.htm,"Investment Portfolio occupancy was 96.7% at December 31, 2008."
2008,propiedades,1005.0,na,reportado,8-K 2009-02-03 (resultados 2008); igual en 10-K 2008,2009-02-03,https://www.sec.gov/Archives/edgar/data/751364/000119312509016998/dex991.htm,"As of December 31, 2008, the company owned 1,005 Investment properties in 44 states with a gross leasable area of approximately 11.3 million square feet."
2009,affo_por_accion,1.73,actual,reportado,"8-K 2011-02-17 Ex-99.1 (resultados 2010), comparativo 2009: primera publicacion del AFFO anual 2009 (el release FY2009 no reporta AFFO)",2011-02-17,https://www.sec.gov/Archives/edgar/data/751364/000119312511038534/dex991.htm,"[fila de tabla de conciliacion] ""AFFO per common share - Diluted"": Year Ended December 31, 2010: $1.59 | 2009: $1.73 (se usa la columna 2009)"
2009,disposiciones,21900000.0,na,calculado,"8-K 2010-02-05 Ex-99.1 (resultados 2009) - calculado = 15.6M (9 Investment properties, net proceeds) + 6.3M (4 Inventory properties); el release no da total",2010-02-05,https://www.sec.gov/Archives/edgar/data/751364/000119312510022740/dex991.htm,"""Nine Investment properties with an aggregate 234,000 square feet of gross leasable area, with net proceeds of $15.6 million, resulting in a gain of $2.4 million"" ; ""Four Inventory properties with net proceeds of $6.3 million"""
2009,dividendo_declarado_por_accion,1.5,actual,reportado,8-K 2010-02-05 Ex-99.1 (resultados 2009) - dividendo anual por accion comun; cotejado con XBRL us-gaap:CommonStockDividendsPerShareDeclared de 10-K posteriores (mismo valor); release dice 'paid'; 10-K Item 5 (FY2009) muestra 'dividends paid per share' anual $1.500,2010-02-05,https://www.sec.gov/Archives/edgar/data/751364/000119312510022740/dex991.htm,"""NNN paid cash dividends to its common stockholders of $0.375 per share during the quarter and $1.50 for the year ended December 31, 2009."""
2009,ffo,132295000.0,na,calculado,"8-K 2010-02-05 Ex-99.1: FFO 90,087 + deterioros y pérdidas inmobiliarias 42,208 (miles)",2010-02-05,https://www.sec.gov/Archives/edgar/data/751364/000119312510022740/dex991.htm,"""Real estate related impairments and loss: $42,208"""
2009,ffo_nareit_con_deterioros,90087000.0,na,reportado,"8-K 2010-02-05 Ex-99.1 (resultados 2009) - FFO disponible a accionistas comunes, miles x 1000; REEXPRESADO en release FY2010 (2011-02-17): 89506",2010-02-05,https://www.sec.gov/Archives/edgar/data/751364/000119312510022740/dex991.htm,"[fila de tabla de conciliacion, miles de USD] ""FFO available to common stockholders"": Year Ended December 31, 2009: $90,087 | 2008: $142,355"
2009,ffo_nareit_con_deterioros_reexpresado,89506000.0,na,reportado,"8-K 2011-02-17 Ex-99.1 (resultados 2010), comparativo 2009 REEXPRESADO (original $90,087k); FFO/accion diluido cambia 1.13->1.12",2011-02-17,https://www.sec.gov/Archives/edgar/data/751364/000119312511038534/dex991.htm,"[fila de tabla de conciliacion, miles de USD] ""FFO available to common stockholders"": Year Ended December 31, 2010: $108,328 | 2009: $89,506 (se usa la columna 2009)"
2009,ffo_nareit_con_deterioros_por_accion,1.13,actual,reportado,8-K 2010-02-05 Ex-99.1 (resultados 2009) - FFO Nareit diluido; REEXPRESADO en release FY2010 (2011-02-17): 1.12,2010-02-05,https://www.sec.gov/Archives/edgar/data/751364/000119312510022740/dex991.htm,"""For the year ended December 31, 2009, FFO available to common stockholders was $90.1 million or $1.13 per share compared to $142.4 million or $1.91 per share for the prior year."" ; fila de tabla: ""FFO available to common stockholders - basic and diluted"""
2009,ffo_nareit_con_deterioros_por_accion_reexpresado,1.12,actual,reportado,"8-K 2011-02-17 Ex-99.1 (resultados 2010), comparativo 2009 REEXPRESADO (original 1.13 en release 2010-02-05; FFO $ 90,087k -> 89,506k)",2011-02-17,https://www.sec.gov/Archives/edgar/data/751364/000119312511038534/dex991.htm,"[fila de tabla de conciliacion] ""FFO per share - Diluted"": Year Ended December 31, 2010: $1.31 | 2009: $1.12 ; ""FFO available to common stockholders"" 2009: $89,506"
2009,ffo_por_accion,1.6547,actual,calculado,"8-K 2010-02-05 Ex-99.1 (resultados 2009): FFO sin deterioros de inmuebles = (FFO 90,087 + deterioros y pérdidas inmobiliarias 42,208) ÷ 79,953 acciones diluidas (miles). Nareit excluye esos deterioros desde 2011; el FFO publicado con ellos fue 1.13",2010-02-05,https://www.sec.gov/Archives/edgar/data/751364/000119312510022740/dex991.htm,"""FFO available to common stockholders - basic and diluted: $90,087""; ""Real estate related impairments and loss: $42,208""; diluted weighted average shares 79,953"
2009,inversion_en_adquisiciones,36300000.0,na,reportado,8-K 2010-02-05 Ex-99.1 (resultados 2009) - Investment Portfolio (8 propiedades); excluye $2.6M de financiamiento de desarrollo en Inventory Portfolio; sin cap rate,2010-02-05,https://www.sec.gov/Archives/edgar/data/751364/000119312510022740/dex991.htm,"""$36.3 million in the Investment Portfolio, including acquiring eight properties with an aggregate 290,000 square feet of gross leasable area"" ; aparte: ""$2.6 million of development funding in the Inventory Portfolio"""
2009,ocupacion,0.964,na,reportado,8-K 2010-02-05 Ex-99.1 (resultados 2009) - ocupacion al 31-dic (Investment Portfolio),2010-02-05,https://www.sec.gov/Archives/edgar/data/751364/000119312510022740/dex991.htm,"""Investment Portfolio occupancy was 96.4% at December 31, 2009, as compared to 96.3% at September 30, 2009, and 96.7% at December 31, 2008."""
2009,propiedades,1015.0,na,reportado,8-K 2010-02-05 Ex-99.1 (resultados 2009) - propiedades al 31-dic (solo Investment Portfolio; excluye Inventory Portfolio),2010-02-05,https://www.sec.gov/Archives/edgar/data/751364/000119312510022740/dex991.htm,"""As of December 31, 2009, the company owned 1,015 Investment Properties in 44 states with a gross leasable area of approximately 11.4 million square feet."""
2009,recurring_ffo_por_accion,1.61,actual,reportado,"8-K 2010-02-05 Ex-99.1 (resultados 2009) - 'Recurring FFO' (antecesor de Core FFO; excluye deterioros, resultados Inventory Portfolio, extincion de deuda, reestructuracion). No aparece en releases FY2010/FY2011",2010-02-05,https://www.sec.gov/Archives/edgar/data/751364/000119312510022740/dex991.htm,"""For the year ended December 31, 2009, Recurring FFO was $129.0 million or $1.61 per share compared to $135.3 million or $1.82 per share for the prior year."""
2010,affo_por_accion,1.59,actual,reportado,8-K 2011-02-17 Ex-99.1 (resultados 2010) - AFFO diluido; verificado igual en comparativo del release FY2011 (2012-02-06),2011-02-17,https://www.sec.gov/Archives/edgar/data/751364/000119312511038534/dex991.htm,"""Generated FFO per share excluding impairments of $1.45 per share and AFFO per share of $1.59"" ; [fila de tabla de conciliacion] ""AFFO per common share - Diluted"": Year Ended December 31, 2010: $1.59 | 2009: $1.73"
2010,disposiciones,58800000.0,na,reportado,8-K 2011-02-17 Ex-99.1 (resultados 2010) - ventas de propiedades (monto de venta),2011-02-17,https://www.sec.gov/Archives/edgar/data/751364/000119312511038534/dex991.htm,"""Sold 18 properties for $58.8 million producing $1.7 million of gains on sale"""
2010,dividendo_declarado_por_accion,1.51,actual,reportado,8-K 2011-02-17 Ex-99.1 (resultados 2010) - dividendo anual por accion comun; cotejado con XBRL us-gaap:CommonStockDividendsPerShareDeclared de 10-K posteriores (mismo valor); release dice 'paid'; 10-K Item 5 (FY2010) muestra 'dividends paid per share' anual $1.510,2011-02-17,https://www.sec.gov/Archives/edgar/data/751364/000119312511038534/dex991.htm,"""Dividends per share increased to $1.51 marking the twenty first consecutive year of annual dividend increases"""
2010,ffo,120131050.0,na,calculado,"8-K 2011-02-17 Ex-99.1: FFO sin deterioros por acción 1.45 × 82,849 acciones diluidas (miles)",2011-02-17,https://www.sec.gov/Archives/edgar/data/751364/000119312511038534/dex991.htm,"""Diluted weighted average shares outstanding: 82,849"""
2010,ffo_ex_deterioros_por_accion,1.45,actual,reportado,8-K 2011-02-17 Ex-99.1 (resultados 2010) - 'FFO per share excluding impairments' (medida ajustada; no es Nareit FFO ni se llama Core); igual en comparativo del release FY2011,2011-02-17,https://www.sec.gov/Archives/edgar/data/751364/000119312511038534/dex991.htm,"""Generated FFO per share excluding impairments of $1.45 per share and AFFO per share of $1.59"""
2010,ffo_nareit_con_deterioros,108328000.0,na,reportado,"8-K 2011-02-17 Ex-99.1 (resultados 2010) - FFO disponible a accionistas comunes, miles x 1000; verificado igual en comparativo del release FY2011 (2012-02-06)",2011-02-17,https://www.sec.gov/Archives/edgar/data/751364/000119312511038534/dex991.htm,"[fila de tabla de conciliacion, miles de USD] ""FFO available to common stockholders"": Year Ended December 31, 2010: $108,328 | 2009: $89,506"
2010,ffo_nareit_con_deterioros_por_accion,1.31,actual,reportado,8-K 2011-02-17 Ex-99.1 (resultados 2010) - FFO Nareit diluido; verificado igual en comparativo del release FY2011 (2012-02-06),2011-02-17,https://www.sec.gov/Archives/edgar/data/751364/000119312511038534/dex991.htm,"[fila de tabla de conciliacion] ""FFO per common share - Diluted"": Year Ended December 31, 2010: $1.31 | 2009: $1.12 (Basic tambien $1.31)"
2010,ffo_por_accion,1.45,actual,reportado,8-K 2011-02-17 Ex-99.1 (resultados 2010): «FFO per share excluding impairments»; el FFO Nareit publicado con deterioros fue 1.31,2011-02-17,https://www.sec.gov/Archives/edgar/data/751364/000119312511038534/dex991.htm,"""Generated FFO per share excluding impairments of $1.45 per share and AFFO per share of $1.59"""
2010,inversion_en_adquisiciones,256600000.0,na,reportado,8-K 2011-02-17 Ex-99.1 (resultados 2010) - 194 propiedades (total; $256.1M en Investment Portfolio); no se verifico si incluye desarrollo; sin cap rate,2011-02-17,https://www.sec.gov/Archives/edgar/data/751364/000119312511038534/dex991.htm,"""Invested $256.6 million in 194 properties"" ; detalle: ""$256.1 million in the Investment Portfolio, including acquiring 194 properties"""
2010,ocupacion,0.969,na,reportado,8-K 2011-02-17 Ex-99.1 (resultados 2010) - ocupacion al 31-dic (Investment Portfolio),2011-02-17,https://www.sec.gov/Archives/edgar/data/751364/000119312511038534/dex991.htm,"""Investment Portfolio occupancy was 96.9% at December 31, 2010."""
2010,propiedades,1195.0,na,reportado,8-K 2011-02-17 Ex-99.1 (resultados 2010) - propiedades al 31-dic (solo Investment Portfolio; excluye Inventory Portfolio),2011-02-17,https://www.sec.gov/Archives/edgar/data/751364/000119312511038534/dex991.htm,"""As of December 31, 2010, the company owned 1,195 Investment Properties in 46 states."""
2011,affo_por_accion,1.7,actual,reportado,8-K 2012-02-06 Ex-99.1 (resultados 2011) - AFFO diluido; verificado igual en comparativo del release FY2012 (2013-02-07),2012-02-06,https://www.sec.gov/Archives/edgar/data/751364/000119312512040071/d293743dex991.htm,"[fila de tabla de conciliacion] ""AFFO per common share - Diluted"": Year Ended December 31, 2011: $1.70 | 2010: $1.59"
2011,deuda_neta_ebitdare_proforma,5.3,na,reportado,"8-K 2016-02-11 Ex-99.2 suplemento anual FY2015, CREDIT METRICS; base ultimo trimestre anualizado; primera publicacion hallada (suplementos anuales en EDGAR desde FY2015); misma tabla da 5.9 base ultimos cuatro trimestres",2016-02-11,https://www.sec.gov/Archives/edgar/data/751364/000075136416000099/ex992-12312015.htm,"[tabla CREDIT METRICS] ""Debt / EBITDA (last quarter annualized)"": 2011 5.3 | 2012 5.1 | 2013 4.3 | 2014 4.2 | 2015 4.4"
2011,disposiciones,12600000.0,na,reportado,8-K 2012-02-06 Ex-99.1 (resultados 2011) - ventas de propiedades (monto de venta),2012-02-06,https://www.sec.gov/Archives/edgar/data/751364/000119312512040071/d293743dex991.htm,"""Sold eight properties for $12.6 million producing $527,000 of gains on sale (not included in FFO)"""
2011,dividendo_declarado_por_accion,1.53,actual,reportado,8-K 2012-02-06 Ex-99.1 (resultados 2011) - dividendo anual por accion comun; cotejado con XBRL us-gaap:CommonStockDividendsPerShareDeclared de 10-K posteriores (mismo valor),2012-02-06,https://www.sec.gov/Archives/edgar/data/751364/000119312512040071/d293743dex991.htm,"""Dividends per share increased to $1.53 (+ 1.3%) marking the 22nd consecutive year of annual dividend increases"""
2011,ffo,139665000.0,na,reportado,"8-K 2012-02-06 Ex-99.1 (resultados 2011) - FFO disponible a accionistas comunes, miles x 1000; verificado igual en comparativo del release FY2012 (2013-02-07)",2012-02-06,https://www.sec.gov/Archives/edgar/data/751364/000119312512040071/d293743dex991.htm,"[fila de tabla de conciliacion, miles de USD] ""FFO available to common stockholders"": Year Ended December 31, 2011: $139,665 | 2010: $108,328"
2011,ffo_ex_deterioros_por_accion,1.57,actual,reportado,"8-K 2012-02-06 Ex-99.1 (resultados 2011) - 'FFO excluding impairment losses and other charges, net of recoveries'; el release FY2012 (2013-02-07) presenta 1.57 como 'Recurring FFO' diluido para 2011",2012-02-06,https://www.sec.gov/Archives/edgar/data/751364/000119312512040071/d293743dex991.htm,"""Increased FFO per share 8.3% from $1.45 in 2010 to $1.57 in 2011 (excluding impairments)"" ; [fila de tabla de conciliacion] ""FFO excluding impairment losses and other charges, net of recoveries - per share"": Year Ended December 31, 2011: $1.57 | 2010: $1.45"
2011,ffo_por_accion,1.57,actual,reportado,8-K 2012-02-06 Ex-99.1 (resultados 2011) - FFO Nareit diluido; verificado igual en comparativo del release FY2012 (2013-02-07),2012-02-06,https://www.sec.gov/Archives/edgar/data/751364/000119312512040071/d293743dex991.htm,"[fila de tabla de conciliacion] ""FFO per common share - Diluted"": Year Ended December 31, 2011: $1.57 | 2010: $1.31"
2011,inversion_en_adquisiciones,772400000.0,na,reportado,8-K 2012-02-06 Ex-99.1 (resultados 2011) - 218 propiedades; no se verifico si incluye desarrollo; release sin cap rate,2012-02-06,https://www.sec.gov/Archives/edgar/data/751364/000119312512040071/d293743dex991.htm,"""Invested $772.4 million in 218 properties with an aggregate 3,448,000 square feet of gross leasable area"""
2011,ocupacion,0.974,na,reportado,8-K 2012-02-06 Ex-99.1 (resultados 2011) - ocupacion al 31-dic,2012-02-06,https://www.sec.gov/Archives/edgar/data/751364/000119312512040071/d293743dex991.htm,"""Portfolio occupancy was 97.4% at December 31, 2011, as compared to 97.2% at September 30, 2011, and 96.9% at December 31, 2010"""
2011,propiedades,1422.0,na,reportado,8-K 2012-02-06 Ex-99.1 (resultados 2011) - propiedades al 31-dic,2012-02-06,https://www.sec.gov/Archives/edgar/data/751364/000119312512040071/d293743dex991.htm,"""As of December 31, 2011, the company owned 1,422 properties in 47 states with a gross leasable area of approximately 16.4 million square feet."""
2011,recurring_ffo_por_accion,1.57,actual,reportado,"8-K 2013-02-07 Ex-99.1 (resultados 2012), comparativo 2011 (primera publicacion rotulada 'Recurring FFO' para 2011; el release FY2011 publico 1.57 como 'FFO excluding impairments')",2013-02-07,https://www.sec.gov/Archives/edgar/data/751364/000075136413000004/ex991-12312012.htm,"""Increased recurring FFO per share 10.8% from $1.57 in 2011 to $1.74 in 2012"" ; [fila de tabla de conciliacion] ""Recurring FFO per share - Diluted"": Year Ended December 31, 2012: $1.74 | 2011: $1.57"
2012,affo_por_accion,1.84,actual,reportado,8-K 2013-02-07 Ex-99.1 (resultados 2012) - AFFO diluido; verificado igual en comparativo del release FY2013 (2014-02-11),2013-02-07,https://www.sec.gov/Archives/edgar/data/751364/000075136413000004/ex991-12312012.htm,"[fila de tabla de conciliacion] ""AFFO per common share - Diluted"": Year Ended December 31, 2012: $1.84 | 2011: $1.70"
2012,deuda_neta_ebitdare_proforma,5.1,na,reportado,"8-K 2016-02-11 Ex-99.2 suplemento FY2015, CREDIT METRICS; ultimo trimestre anualizado; igual en suplemento FY2016",2016-02-11,https://www.sec.gov/Archives/edgar/data/751364/000075136416000099/ex992-12312015.htm,"[tabla CREDIT METRICS] ""Debt / EBITDA (last quarter annualized)"": 2011 5.3 | 2012 5.1 | 2013 4.3 | 2014 4.2 | 2015 4.4"
2012,disposiciones,81100000.0,na,reportado,8-K 2013-02-07 Ex-99.1 (resultados 2012) - ventas de propiedades (monto de venta),2013-02-07,https://www.sec.gov/Archives/edgar/data/751364/000075136413000004/ex991-12312012.htm,"""Sold 34 properties for $81.1 million producing $11.0 million of gains on sale (not included in FFO)"""
2012,dividendo_declarado_por_accion,1.56,actual,reportado,8-K 2013-02-07 Ex-99.1 (resultados 2012) - dividendo anual por accion comun; cotejado con XBRL us-gaap:CommonStockDividendsPerShareDeclared de 10-K posteriores (mismo valor),2013-02-07,https://www.sec.gov/Archives/edgar/data/751364/000075136413000004/ex991-12312012.htm,"""Dividends per share increased to $1.56 marking the 23rd consecutive year of annual dividend increases"""
2012,ffo,193589000.0,na,reportado,"8-K 2013-02-07 Ex-99.1 (resultados 2012) - FFO disponible a accionistas comunes, miles x 1000; REEXPRESADO en release FY2013 (2014-02-11): 193682",2013-02-07,https://www.sec.gov/Archives/edgar/data/751364/000075136413000004/ex991-12312012.htm,"[fila de tabla de conciliacion, miles de USD] ""FFO available to common stockholders"": Year Ended December 31, 2012: $193,589 | 2011: $139,665"
2012,ffo_reexpresado,193682000.0,na,reportado,"8-K 2014-02-11 Ex-99.1 (resultados 2013), comparativo 2012 REEXPRESADO (original $193,589k); FFO/accion diluido sin cambio",2014-02-11,https://www.sec.gov/Archives/edgar/data/751364/000075136414000003/ex991-12312013.htm,"[fila de tabla de conciliacion, miles de USD] ""FFO available to common stockholders"": Year Ended December 31, 2013: $229,518 | 2012: $193,682 (se usa la columna 2012)"
2012,ffo_por_accion,1.77,actual,reportado,8-K 2013-02-07 Ex-99.1 (resultados 2012) - FFO Nareit diluido; verificado igual en comparativo del release FY2013 (2014-02-11),2013-02-07,https://www.sec.gov/Archives/edgar/data/751364/000075136413000004/ex991-12312012.htm,"[fila de tabla de conciliacion] ""FFO per common share - Diluted"": Year Ended December 31, 2012: $1.77 | 2011: $1.57"
2012,inversion_en_adquisiciones,707200000.0,na,reportado,8-K 2013-02-07 Ex-99.1 (resultados 2012) - 232 propiedades; no se verifico si incluye desarrollo; release sin cap rate,2013-02-07,https://www.sec.gov/Archives/edgar/data/751364/000075136413000004/ex991-12312012.htm,"""Invested $707.2 million in 232 properties with an aggregate 2,955,000 square feet of gross leasable area"""
2012,ocupacion,0.979,na,reportado,8-K 2013-02-07 Ex-99.1 (resultados 2012) - ocupacion al 31-dic,2013-02-07,https://www.sec.gov/Archives/edgar/data/751364/000075136413000004/ex991-12312012.htm,"""Portfolio occupancy was 97.9% at December 31, 2012, as compared to 97.9% at September 30, 2012, and 97.4% at December 31, 2011"""
2012,propiedades,1622.0,na,reportado,8-K 2013-02-07 Ex-99.1 (resultados 2012) - propiedades al 31-dic,2013-02-07,https://www.sec.gov/Archives/edgar/data/751364/000075136413000004/ex991-12312012.htm,"""As of December 31, 2012, the company owned 1,622 properties in 47 states with a gross leasable area of approximately 19.2 million square feet."""
2012,recurring_ffo_por_accion,1.74,actual,reportado,8-K 2013-02-07 Ex-99.1 (resultados 2012) - 'Recurring FFO' diluido (renombrado 'Core FFO' desde release FY2016); verificado igual en comparativo del release FY2013 (2014-02-11),2013-02-07,https://www.sec.gov/Archives/edgar/data/751364/000075136413000004/ex991-12312012.htm,"""Increased recurring FFO per share 10.8% from $1.57 in 2011 to $1.74 in 2012"" ; [fila de tabla de conciliacion] ""Recurring FFO per share - Diluted"": Year Ended December 31, 2012: $1.74 | 2011: $1.57"
2013,affo_por_accion,1.99,actual,reportado,8-K 2014-02-11 Ex-99.1 (resultados 2013) - AFFO diluido; verificado igual en comparativo del release FY2014 (2015-02-12),2014-02-11,https://www.sec.gov/Archives/edgar/data/751364/000075136414000003/ex991-12312013.htm,"[fila de tabla de conciliacion] ""AFFO per common share - Diluted"": Year Ended December 31, 2013: $1.99 | 2012: $1.84"
2013,cap_rate_adquisicion,0.078,na,reportado,8-K 2014-02-11 Ex-99.1 (resultados 2013) - 'initial cash yield' (equivalente a cap rate inicial en efectivo),2014-02-11,https://www.sec.gov/Archives/edgar/data/751364/000075136414000003/ex991-12312013.htm,"""Invested $629.9 million in 275 properties with an aggregate 1,652,000 square feet of gross leasable area at an initial cash yield of 7.8%"""
2013,deuda_neta_ebitdare_proforma,4.3,na,reportado,"8-K 2016-02-11 Ex-99.2 suplemento FY2015, CREDIT METRICS; ultimo trimestre anualizado; igual en suplemento FY2016",2016-02-11,https://www.sec.gov/Archives/edgar/data/751364/000075136416000099/ex992-12312015.htm,"[tabla CREDIT METRICS] ""Debt / EBITDA (last quarter annualized)"": 2011 5.3 | 2012 5.1 | 2013 4.3 | 2014 4.2 | 2015 4.4"
2013,disposiciones,61000000.0,na,reportado,8-K 2014-02-11 Ex-99.1 (resultados 2013) - ventas de propiedades (monto de venta),2014-02-11,https://www.sec.gov/Archives/edgar/data/751364/000075136414000003/ex991-12312013.htm,"""Sold 35 properties for $61.0 million producing $5.4 million of gains on sale, net of income tax and noncontrolling interest at a cap rate of 7.5%"""
2013,dividendo_declarado_por_accion,1.6,actual,reportado,8-K 2014-02-11 Ex-99.1 (resultados 2013) - dividendo anual por accion comun; cotejado con XBRL us-gaap:CommonStockDividendsPerShareDeclared de 10-K posteriores (mismo valor),2014-02-11,https://www.sec.gov/Archives/edgar/data/751364/000075136414000003/ex991-12312013.htm,"""Dividends per share increased to $1.60 marking the 24th consecutive year of annual dividend increases"""
2013,ffo,229518000.0,na,reportado,"8-K 2014-02-11 Ex-99.1 (resultados 2013) - FFO disponible a accionistas comunes, miles x 1000; verificado igual en comparativo del release FY2014 (2015-02-12)",2014-02-11,https://www.sec.gov/Archives/edgar/data/751364/000075136414000003/ex991-12312013.htm,"[fila de tabla de conciliacion, miles de USD] ""FFO available to common stockholders"": Year Ended December 31, 2013: $229,518 | 2012: $193,682"
2013,ffo_por_accion,1.91,actual,reportado,8-K 2014-02-11 Ex-99.1 (resultados 2013) - FFO Nareit diluido; verificado igual en comparativo del release FY2014 (2015-02-12),2014-02-11,https://www.sec.gov/Archives/edgar/data/751364/000075136414000003/ex991-12312013.htm,"[fila de tabla de conciliacion] ""FFO per common share - Diluted"": Year Ended December 31, 2013: $1.91 | 2012: $1.77"
2013,inversion_en_adquisiciones,629900000.0,na,reportado,8-K 2014-02-11 Ex-99.1 (resultados 2013) - 275 propiedades; no se verifico si incluye desarrollo,2014-02-11,https://www.sec.gov/Archives/edgar/data/751364/000075136414000003/ex991-12312013.htm,"""Invested $629.9 million in 275 properties with an aggregate 1,652,000 square feet of gross leasable area at an initial cash yield of 7.8%"""
2013,ocupacion,0.982,na,reportado,8-K 2014-02-11 Ex-99.1 (resultados 2013) - ocupacion al 31-dic,2014-02-11,https://www.sec.gov/Archives/edgar/data/751364/000075136414000003/ex991-12312013.htm,"""Portfolio occupancy was 98.2% at December 31, 2013"""
2013,propiedades,1860.0,na,reportado,8-K 2014-02-11 Ex-99.1 (resultados 2013) - propiedades al 31-dic,2014-02-11,https://www.sec.gov/Archives/edgar/data/751364/000075136414000003/ex991-12312013.htm,"""As of December 31, 2013, the company owned 1,860 properties in 47 states with a gross leasable area of approximately 20.4 million square feet."""
2013,recurring_ffo_por_accion,1.93,actual,reportado,8-K 2014-02-11 Ex-99.1 (resultados 2013) - 'Recurring FFO' diluido (renombrado 'Core FFO' desde release FY2016); verificado igual en comparativo del release FY2014 (2015-02-12),2014-02-11,https://www.sec.gov/Archives/edgar/data/751364/000075136414000003/ex991-12312013.htm,"[fila de tabla de conciliacion] ""Recurring FFO per share - Diluted"": Year Ended December 31, 2013: $1.93 | 2012: $1.74"
2014,affo_por_accion,2.12,actual,reportado,8-K 2015-02-12 Ex-99.1 (resultados 2014) - AFFO diluido; verificado igual en comparativo del release FY2015 (2016-02-11),2015-02-12,https://www.sec.gov/Archives/edgar/data/751364/000075136415000003/ex991-12312014.htm,"[fila de tabla de conciliacion] ""AFFO per common share - Diluted"": Year Ended December 31, 2014: $2.12 | 2013: $1.99"
2014,cap_rate_adquisicion,0.075,na,reportado,8-K 2015-02-12 Ex-99.1 (resultados 2014) - 'initial cash yield' (equivalente a cap rate inicial en efectivo),2015-02-12,https://www.sec.gov/Archives/edgar/data/751364/000075136415000003/ex991-12312014.htm,"""Invested $618.1 million in 221 properties with an aggregate gross leasable area of approximately 2,417,000 square feet at an initial cash yield of 7.5%"""
2014,deuda_neta_ebitdare_proforma,4.2,na,reportado,"8-K 2016-02-11 Ex-99.2 suplemento FY2015, CREDIT METRICS; ultimo trimestre anualizado; igual en suplemento FY2016",2016-02-11,https://www.sec.gov/Archives/edgar/data/751364/000075136416000099/ex992-12312015.htm,"[tabla CREDIT METRICS] ""Debt / EBITDA (last quarter annualized)"": 2011 5.3 | 2012 5.1 | 2013 4.3 | 2014 4.2 | 2015 4.4"
2014,disposiciones,55400000.0,na,reportado,8-K 2015-02-12 Ex-99.1 (resultados 2014) - ventas de propiedades (monto de venta),2015-02-12,https://www.sec.gov/Archives/edgar/data/751364/000075136415000003/ex991-12312014.htm,"""Sold 27 properties for $55.4 million, producing $10.9 million of gains on sale, net of income tax and noncontrolling interest at a cap rate of 7.2%"""
2014,dividendo_declarado_por_accion,1.65,actual,reportado,8-K 2015-02-12 Ex-99.1 (resultados 2014) - dividendo anual por accion comun; cotejado con XBRL us-gaap:CommonStockDividendsPerShareDeclared de 10-K posteriores (mismo valor),2015-02-12,https://www.sec.gov/Archives/edgar/data/751364/000075136415000003/ex991-12312014.htm,"""Dividends per common share increased to $1.65 marking the 25th consecutive year of annual dividend increases"""
2014,ffo,260977000.0,na,reportado,"8-K 2015-02-12 Ex-99.1 (resultados 2014) - FFO disponible a accionistas comunes, miles x 1000; REEXPRESADO en release FY2015 (2016-02-11): 260902",2015-02-12,https://www.sec.gov/Archives/edgar/data/751364/000075136415000003/ex991-12312014.htm,"[fila de tabla de conciliacion, miles de USD] ""FFO available to common stockholders"": Year Ended December 31, 2014: $260,977 | 2013: $229,518"
2014,ffo_reexpresado,260902000.0,na,reportado,"8-K 2016-02-11 Ex-99.1 (resultados 2015), comparativo 2014 REEXPRESADO (original $260,977k); FFO/accion diluido sin cambio",2016-02-11,https://www.sec.gov/Archives/edgar/data/751364/000075136416000099/ex991-12312015.htm,"[fila de tabla de conciliacion, miles de USD] ""FFO available to common stockholders"": Year Ended December 31, 2015: $289,193 | 2014: $260,902 (se usa la columna 2014)"
2014,ffo_por_accion,2.09,actual,reportado,8-K 2015-02-12 Ex-99.1 (resultados 2014) - FFO Nareit diluido; verificado igual en comparativo del release FY2015 (2016-02-11),2015-02-12,https://www.sec.gov/Archives/edgar/data/751364/000075136415000003/ex991-12312014.htm,"[fila de tabla de conciliacion] ""FFO per common share - Diluted"": Year Ended December 31, 2014: $2.09 | 2013: $1.91"
2014,inversion_en_adquisiciones,618100000.0,na,reportado,"8-K 2015-02-12 Ex-99.1 (resultados 2014) - 221 propiedades; suplemento FY2015: 'Total dollars invested' $618,145k, 'Cash cap rate' 7.5%",2015-02-12,https://www.sec.gov/Archives/edgar/data/751364/000075136415000003/ex991-12312014.htm,"""Invested $618.1 million in 221 properties with an aggregate gross leasable area of approximately 2,417,000 square feet at an initial cash yield of 7.5%"""
2014,ocupacion,0.986,na,reportado,8-K 2015-02-12 Ex-99.1 (resultados 2014) - ocupacion al 31-dic,2015-02-12,https://www.sec.gov/Archives/edgar/data/751364/000075136415000003/ex991-12312014.htm,"""Portfolio occupancy was 98.6% at December 31, 2014, as compared to 98.8% at September 30, 2014 and 98.2% at December 31, 2013"""
2014,propiedades,2054.0,na,reportado,8-K 2015-02-12 Ex-99.1 (resultados 2014) - propiedades al 31-dic,2015-02-12,https://www.sec.gov/Archives/edgar/data/751364/000075136415000003/ex991-12312014.htm,"""As of December 31, 2014, the company owned 2,054 properties in 47 states with a gross leasable area of approximately 22.5 million square feet and with a weighted average remaining lease term of 12 years."""
2014,recurring_ffo_por_accion,2.08,actual,reportado,8-K 2015-02-12 Ex-99.1 (resultados 2014) - 'Recurring FFO' diluido (renombrado 'Core FFO' desde release FY2016); verificado igual en comparativo del release FY2015 (2016-02-11),2015-02-12,https://www.sec.gov/Archives/edgar/data/751364/000075136415000003/ex991-12312014.htm,"[fila de tabla de conciliacion] ""Recurring FFO per share - Diluted"": Year Ended December 31, 2014: $2.08 | 2013: $1.93"
2015,affo_por_accion,2.27,actual,reportado,8-K 2016-02-11 Ex-99.1 (resultados 2015) - AFFO diluido; verificado igual en comparativo del release FY2016 (2017-02-13),2016-02-11,https://www.sec.gov/Archives/edgar/data/751364/000075136416000099/ex991-12312015.htm,"[fila de tabla de conciliacion] ""AFFO per common share - Diluted"": Year Ended December 31, 2015: $2.27 | 2014: $2.12"
2015,cap_rate_adquisicion,0.072,na,reportado,8-K 2016-02-11 Ex-99.1 (resultados 2015) - 'initial cash yield' (equivalente a cap rate inicial en efectivo),2016-02-11,https://www.sec.gov/Archives/edgar/data/751364/000075136416000099/ex991-12312015.htm,"""Invested $726.3 million in 221 properties with an aggregate gross leasable area of approximately 2,706,000 square feet at an initial cash yield of 7.2%"""
2015,core_ffo_por_accion,2.22,actual,reportado,"8-K 2017-02-13 Ex-99.1 (resultados 2016), comparativo 2015: primera vez con rotulo 'Core FFO'; es el mismo 2.22 publicado como 'Recurring FFO' el 2016-02-11 (ver recurring_ffo_por_accion)",2017-02-13,https://www.sec.gov/Archives/edgar/data/751364/000075136417000024/ex991-12312016.htm,"[fila de tabla de conciliacion] ""Core FFO per common share - Diluted"": Year Ended December 31, 2016: $2.35 | 2015: $2.22 (se usa la columna 2015)"
2015,deuda_neta_ebitdare_proforma,4.4,na,reportado,"8-K 2016-02-11 Ex-99.2 suplemento FY2015, CREDIT METRICS; ultimo trimestre anualizado; igual en suplemento FY2016",2016-02-11,https://www.sec.gov/Archives/edgar/data/751364/000075136416000099/ex992-12312015.htm,"[tabla CREDIT METRICS] ""Debt / EBITDA (last quarter annualized)"": 2011 5.3 | 2012 5.1 | 2013 4.3 | 2014 4.2 | 2015 4.4"
2015,disposiciones,39100000.0,na,reportado,8-K 2016-02-11 Ex-99.1 (resultados 2015) - ventas de propiedades (monto de venta),2016-02-11,https://www.sec.gov/Archives/edgar/data/751364/000075136416000099/ex991-12312015.htm,"""Sold 19 properties for $39.1 million, producing $10.4 million of gains on sale, net of income tax and noncontrolling interest at a cap rate of 5.9%"""
2015,dividendo_declarado_por_accion,1.71,actual,reportado,8-K 2016-02-11 Ex-99.1 (resultados 2015) - dividendo anual por accion comun; cotejado con XBRL us-gaap:CommonStockDividendsPerShareDeclared de 10-K posteriores (mismo valor),2016-02-11,https://www.sec.gov/Archives/edgar/data/751364/000075136416000099/ex991-12312015.htm,"""Dividends per common share increased to $1.71 marking the 26th consecutive year of annual dividend increases"""
2015,ffo,289193000.0,na,reportado,"8-K 2016-02-11 Ex-99.1 (resultados 2015) - FFO disponible a accionistas comunes, miles x 1000; verificado igual en comparativo del release FY2016 (2017-02-13)",2016-02-11,https://www.sec.gov/Archives/edgar/data/751364/000075136416000099/ex991-12312015.htm,"[fila de tabla de conciliacion, miles de USD] ""FFO available to common stockholders"": Year Ended December 31, 2015: $289,193 | 2014: $260,902"
2015,ffo_por_accion,2.15,actual,reportado,8-K 2016-02-11 Ex-99.1 (resultados 2015) - FFO Nareit diluido; verificado igual en comparativo del release FY2016 (2017-02-13),2016-02-11,https://www.sec.gov/Archives/edgar/data/751364/000075136416000099/ex991-12312015.htm,"[fila de tabla de conciliacion] ""FFO per common share - Diluted"": Year Ended December 31, 2015: $2.15 | 2014: $2.09"
2015,inversion_en_adquisiciones,726300000.0,na,reportado,"8-K 2016-02-11 Ex-99.1 (resultados 2015) - 221 propiedades; suplementos FY2015/FY2016: $726,303k, 'Cash cap rate' 7.2%",2016-02-11,https://www.sec.gov/Archives/edgar/data/751364/000075136416000099/ex991-12312015.htm,"""Invested $726.3 million in 221 properties with an aggregate gross leasable area of approximately 2,706,000 square feet at an initial cash yield of 7.2%"""
2015,ocupacion,0.991,na,reportado,8-K 2016-02-11 Ex-99.1 (resultados 2015) - ocupacion al 31-dic,2016-02-11,https://www.sec.gov/Archives/edgar/data/751364/000075136416000099/ex991-12312015.htm,"""Portfolio occupancy was 99.1% at December 31, 2015"""
2015,propiedades,2257.0,na,reportado,8-K 2016-02-11 Ex-99.1 (resultados 2015) - propiedades al 31-dic,2016-02-11,https://www.sec.gov/Archives/edgar/data/751364/000075136416000099/ex991-12312015.htm,"""As of December 31, 2015, the company owned 2,257 properties in 47 states with a gross leasable area of approximately 25.0 million square feet"""
2015,recurring_ffo_por_accion,2.22,actual,reportado,8-K 2016-02-11 Ex-99.1 (resultados 2015) - 'Recurring FFO' diluido (renombrado 'Core FFO' desde release FY2016); el release FY2016 (2017-02-13) presenta el mismo 2.22 rotulado 'Core FFO',2016-02-11,https://www.sec.gov/Archives/edgar/data/751364/000075136416000099/ex991-12312015.htm,"[fila de tabla de conciliacion] ""Recurring FFO per share - Diluted"": Year Ended December 31, 2015: $2.22 | 2014: $2.08"
2016,affo_por_accion,2.41,actual,reportado,8-K 2017-02-13 Ex-99.1 (resultados 2016) - AFFO diluido; verificado igual en comparativo del release FY2017 (2018-02-13),2017-02-13,https://www.sec.gov/Archives/edgar/data/751364/000075136417000024/ex991-12312016.htm,"[fila de tabla de conciliacion] ""AFFO per common share - Diluted"": Year Ended December 31, 2016: $2.41 | 2015: $2.27"
2016,cap_rate_adquisicion,0.069,na,reportado,8-K 2017-02-13 Ex-99.1 (resultados 2016) - 'initial cash yield' (equivalente a cap rate inicial en efectivo),2017-02-13,https://www.sec.gov/Archives/edgar/data/751364/000075136417000024/ex991-12312016.htm,"""Invested $846.9 million in 313 properties with an aggregate gross leasable area of approximately 2,734,000 square feet at an initial cash yield of 6.9%"""
2016,core_ffo_por_accion,2.35,actual,reportado,8-K 2017-02-13 Ex-99.1 (resultados 2016) - Core FFO diluido; verificado igual en comparativo del release FY2017 (2018-02-13),2017-02-13,https://www.sec.gov/Archives/edgar/data/751364/000075136417000024/ex991-12312016.htm,"[fila de tabla de conciliacion] ""Core FFO per common share - Diluted"": Year Ended December 31, 2016: $2.35 | 2015: $2.22"
2016,deuda_neta_ebitdare_proforma,4.0,na,reportado,"8-K 2017-02-13 Ex-99.2 suplemento FY2016, CREDIT METRICS; ultimo trimestre anualizado; nota (1) de la tabla: 'Debt amounts used in calculation(s) are net of cash balances'",2017-02-13,https://www.sec.gov/Archives/edgar/data/751364/000075136417000024/ex992-12312016.htm,"[tabla CREDIT METRICS] ""Debt / EBITDA (last quarter annualized)"": 2012 5.1 | 2013 4.3 | 2014 4.2 | 2015 4.4 | 2016 4.0 | 2016 Pro Forma Pfd Stock Redemption 4.6"
2016,deuda_neta_ebitdare_proforma_reexpresado,4.6,na,reportado,"8-K 2017-02-13 Ex-99.2 suplemento FY2016, columna '2016 Pro Forma Pfd Stock Redemption' (redencion Serie D feb-2017 con $287.5M de caja); ultimo trimestre anualizado; PRO FORMA",2017-02-13,https://www.sec.gov/Archives/edgar/data/751364/000075136417000024/ex992-12312016.htm,"[tabla CREDIT METRICS] ""Debt / EBITDA (last quarter annualized)"": 2016 4.0 | 2016 Pro Forma Pfd Stock Redemption(2) 4.6"
2016,disposiciones,103200000.0,na,reportado,8-K 2017-02-13 Ex-99.1 (resultados 2016) - ventas de propiedades (monto de venta),2017-02-13,https://www.sec.gov/Archives/edgar/data/751364/000075136417000024/ex991-12312016.htm,"""Sold 38 properties for $103.2 million, producing $27.1 million of gains on sale, net of noncontrolling interests, at a cap rate of 6.8%"""
2016,dividendo_declarado_por_accion,1.78,actual,reportado,8-K 2017-02-13 Ex-99.1 (resultados 2016) - dividendo anual por accion comun; cotejado con XBRL us-gaap:CommonStockDividendsPerShareDeclared de 10-K posteriores (mismo valor),2017-02-13,https://www.sec.gov/Archives/edgar/data/751364/000075136417000024/ex991-12312016.htm,"""Annual dividend per common share increased to $1.78 marking the 27th consecutive year of annual dividend increases"""
2016,ffo,330544000.0,na,reportado,"8-K 2017-02-13 Ex-99.1 (resultados 2016) - FFO disponible a accionistas comunes, miles x 1000; verificado igual en comparativo del release FY2017 (2018-02-13)",2017-02-13,https://www.sec.gov/Archives/edgar/data/751364/000075136417000024/ex991-12312016.htm,"[fila de tabla de conciliacion, miles de USD] ""FFO available to common stockholders"": Year Ended December 31, 2016: $330,544 | 2015: $289,193"
2016,ffo_por_accion,2.28,actual,reportado,8-K 2017-02-13 Ex-99.1 (resultados 2016) - FFO Nareit diluido; verificado igual en comparativo del release FY2017 (2018-02-13),2017-02-13,https://www.sec.gov/Archives/edgar/data/751364/000075136417000024/ex991-12312016.htm,"[fila de tabla de conciliacion] ""FFO per common share - Diluted"": Year Ended December 31, 2016: $2.28 | 2015: $2.15"
2016,inversion_en_adquisiciones,846900000.0,na,reportado,"8-K 2017-02-13 Ex-99.1 (resultados 2016) - 313 propiedades; suplemento FY2016: $846,906k, 'Cash cap rate' 6.9%",2017-02-13,https://www.sec.gov/Archives/edgar/data/751364/000075136417000024/ex991-12312016.htm,"""Invested $846.9 million in 313 properties with an aggregate gross leasable area of approximately 2,734,000 square feet at an initial cash yield of 6.9%"""
2016,ocupacion,0.99,na,reportado,8-K 2017-02-13 Ex-99.1 (resultados 2016) - ocupacion al 31-dic,2017-02-13,https://www.sec.gov/Archives/edgar/data/751364/000075136417000024/ex991-12312016.htm,"""Portfolio occupancy was 99.0% at December 31, 2016"""
2016,propiedades,2535.0,na,reportado,8-K 2017-02-13 Ex-99.1 (resultados 2016) - propiedades al 31-dic,2017-02-13,https://www.sec.gov/Archives/edgar/data/751364/000075136417000024/ex991-12312016.htm,"""As of December 31, 2016, the company owned 2,535 properties in 48 states with a gross leasable area of approximately 27.2 million square feet"""
2017,affo_por_accion,2.54,actual,reportado,8-K 2018-02-13 Ex-99.1 (resultados 2017) - AFFO diluido; verificado igual en comparativo del release FY2018 (2019-02-12),2018-02-13,https://www.sec.gov/Archives/edgar/data/751364/000075136418000023/ex991-12312017.htm,"[fila de tabla de conciliacion] ""AFFO per common share - Diluted"": Year Ended December 31, 2017: $2.54 | 2016: $2.41"
2017,cap_rate_adquisicion,0.069,na,reportado,8-K 2018-02-13 Ex-99.1 (resultados 2017) - 'initial cash yield' (equivalente a cap rate inicial en efectivo),2018-02-13,https://www.sec.gov/Archives/edgar/data/751364/000075136418000023/ex991-12312017.htm,"""Invested $754.9 million in 276 properties with an aggregate gross leasable area of approximately 2,243,000 square feet at an initial cash yield of 6.9%"""
2017,core_ffo_por_accion,2.52,actual,reportado,8-K 2018-02-13 Ex-99.1 (resultados 2017) - Core FFO diluido; verificado igual en comparativo del release FY2018 (2019-02-12),2018-02-13,https://www.sec.gov/Archives/edgar/data/751364/000075136418000023/ex991-12312017.htm,"[fila de tabla de conciliacion] ""Core FFO per common share - Diluted"": Year Ended December 31, 2017: $2.52 | 2016: $2.35"
2017,deuda_neta_ebitdare_proforma,4.9,na,reportado,"8-K 2018-02-13 Ex-99.2 suplemento FY2017, CREDIT METRICS; OJO base ULTIMOS CUATRO TRIMESTRES (la fila anualizada ya no se publica); nota (1) de la tabla: 'Debt amounts used in calculation(s) are net of cash balances'",2018-02-13,https://www.sec.gov/Archives/edgar/data/751364/000075136418000023/ex992-12312017.htm,"[tabla CREDIT METRICS] ""Debt / EBITDA (last four quarters)"": 2013 4.5 | 2014 4.5 | 2015 4.6 | 2016 4.3 | 2017 4.9"
2017,disposiciones,96800000.0,na,reportado,8-K 2018-02-13 Ex-99.1 (resultados 2017) - ventas de propiedades (monto de venta),2018-02-13,https://www.sec.gov/Archives/edgar/data/751364/000075136418000023/ex991-12312017.htm,"""Sold 48 properties for $96.8 million, producing $36.3 million of gains on sale, net of noncontrolling interests, at a cap rate of 6.0%"""
2017,dividendo_declarado_por_accion,1.86,actual,reportado,8-K 2018-02-13 Ex-99.1 (resultados 2017) - dividendo anual por accion comun; cotejado con XBRL us-gaap:CommonStockDividendsPerShareDeclared de 10-K posteriores (mismo valor),2018-02-13,https://www.sec.gov/Archives/edgar/data/751364/000075136418000023/ex991-12312017.htm,"""Annual dividend per common share increased 4.3% to $1.86 marking the 28th consecutive year of annual dividend increases"""
2017,ffo,359179000.0,na,reportado,"8-K 2018-02-13 Ex-99.1 (resultados 2017) - FFO disponible a accionistas comunes, miles x 1000; verificado igual en comparativo del release FY2018 (2019-02-12)",2018-02-13,https://www.sec.gov/Archives/edgar/data/751364/000075136418000023/ex991-12312017.htm,"[fila de tabla de conciliacion, miles de USD] ""FFO available to common stockholders"": Year Ended December 31, 2017: $359,179 | 2016: $330,544"
2017,ffo_por_accion,2.4,actual,reportado,8-K 2018-02-13 Ex-99.1 (resultados 2017) - FFO Nareit diluido; verificado igual en comparativo del release FY2018 (2019-02-12),2018-02-13,https://www.sec.gov/Archives/edgar/data/751364/000075136418000023/ex991-12312017.htm,"[fila de tabla de conciliacion] ""FFO per common share - Diluted"": Year Ended December 31, 2017: $2.40 | 2016: $2.28"
2017,inversion_en_adquisiciones,754900000.0,na,reportado,8-K 2018-02-13 Ex-99.1 (resultados 2017) - 276 propiedades; no se verifico si incluye desarrollo,2018-02-13,https://www.sec.gov/Archives/edgar/data/751364/000075136418000023/ex991-12312017.htm,"""Invested $754.9 million in 276 properties with an aggregate gross leasable area of approximately 2,243,000 square feet at an initial cash yield of 6.9%"""
2017,ocupacion,0.991,na,reportado,8-K 2018-02-13 Ex-99.1 (resultados 2017) - ocupacion al 31-dic,2018-02-13,https://www.sec.gov/Archives/edgar/data/751364/000075136418000023/ex991-12312017.htm,"""Portfolio occupancy was 99.1% at December 31, 2017."""
2017,propiedades,2764.0,na,reportado,8-K 2018-02-13 Ex-99.1 (resultados 2017) - propiedades al 31-dic,2018-02-13,https://www.sec.gov/Archives/edgar/data/751364/000075136418000023/ex991-12312017.htm,"""As of December 31, 2017, the company owned 2,764 properties in 48 states with a gross leasable area of approximately 29.1 million square feet and with a weighted average remaining lease term of 11.5 years."""
2018,affo_por_accion,2.68,actual,reportado,8-K 2019-02-12 Ex-99.1 (resultados 2018) - AFFO diluido; verificado igual en comparativo del release FY2019 (2020-02-11),2019-02-12,https://www.sec.gov/Archives/edgar/data/751364/000075136419000022/ex991-12312018.htm,"[fila de tabla de conciliacion] ""AFFO per common share - Diluted"": Year Ended December 31, 2018: $2.68 | 2017: $2.54"
2018,cap_rate_adquisicion,0.068,na,reportado,8-K 2019-02-12 Ex-99.1 (resultados 2018) - 'initial cash yield' (equivalente a cap rate inicial en efectivo),2019-02-12,https://www.sec.gov/Archives/edgar/data/751364/000075136419000022/ex991-12312018.htm,"""Invested $715.6 million in 265 properties with an aggregate gross leasable area of approximately 2,167,000 square feet at an initial cash yield of 6.8%"""
2018,core_ffo_por_accion,2.65,actual,reportado,8-K 2019-02-12 Ex-99.1 (resultados 2018) - Core FFO diluido; verificado igual en comparativo del release FY2019 (2020-02-11),2019-02-12,https://www.sec.gov/Archives/edgar/data/751364/000075136419000022/ex991-12312018.htm,"[fila de tabla de conciliacion] ""Core FFO per common share - Diluted"": Year Ended December 31, 2018: $2.65 | 2017: $2.52"
2018,deuda_neta_ebitdare_proforma,4.8,na,reportado,"8-K 2019-02-12 Ex-99.2 suplemento FY2018, CREDIT METRICS; base ultimos cuatro trimestres; nota (1) de la tabla: 'Debt amounts used in calculation(s) are net of cash balances'",2019-02-12,https://www.sec.gov/Archives/edgar/data/751364/000075136419000022/ex992-12312018.htm,"[tabla CREDIT METRICS] ""Debt / EBITDA (last four quarters)"": 2014 4.5 | 2015 4.6 | 2016 4.3 | 2017 4.9 | 2018 4.8"
2018,disposiciones,147600000.0,na,reportado,8-K 2019-02-12 Ex-99.1 (resultados 2018) - ventas de propiedades (monto de venta),2019-02-12,https://www.sec.gov/Archives/edgar/data/751364/000075136419000022/ex991-12312018.htm,"""Sold 61 properties for $147.6 million, producing $65.1 million of gains on sale, at a cap rate of 5.1%"""
2018,dividendo_declarado_por_accion,1.95,actual,reportado,8-K 2019-02-12 Ex-99.1 (resultados 2018) - dividendo anual por accion comun; cotejado con XBRL us-gaap:CommonStockDividendsPerShareDeclared de 10-K posteriores (mismo valor),2019-02-12,https://www.sec.gov/Archives/edgar/data/751364/000075136419000022/ex991-12312018.htm,"""Annual dividend per common share increased 4.8% to $1.95 marking the 29th consecutive year of annual dividend increases"""
2018,ffo,395337000.0,na,reportado,"8-K 2019-02-12 Ex-99.1 (resultados 2018) - FFO disponible a accionistas comunes, miles x 1000; verificado igual en comparativo del release FY2019 (2020-02-11)",2019-02-12,https://www.sec.gov/Archives/edgar/data/751364/000075136419000022/ex991-12312018.htm,"[fila de tabla de conciliacion, miles de USD] ""FFO available to common stockholders"": Year Ended December 31, 2018: $395,337 | 2017: $359,179"
2018,ffo_por_accion,2.53,actual,reportado,8-K 2019-02-12 Ex-99.1 (resultados 2018) - FFO Nareit diluido; verificado igual en comparativo del release FY2019 (2020-02-11),2019-02-12,https://www.sec.gov/Archives/edgar/data/751364/000075136419000022/ex991-12312018.htm,"[fila de tabla de conciliacion] ""FFO per common share - Diluted"": Year Ended December 31, 2018: $2.53 | 2017: $2.40"
2018,inversion_en_adquisiciones,715600000.0,na,reportado,8-K 2019-02-12 Ex-99.1 (resultados 2018) - 265 propiedades; no se verifico si incluye desarrollo,2019-02-12,https://www.sec.gov/Archives/edgar/data/751364/000075136419000022/ex991-12312018.htm,"""Invested $715.6 million in 265 properties with an aggregate gross leasable area of approximately 2,167,000 square feet at an initial cash yield of 6.8%"""
2018,ocupacion,0.982,na,reportado,8-K 2019-02-12 Ex-99.1 (resultados 2018) - ocupacion al 31-dic,2019-02-12,https://www.sec.gov/Archives/edgar/data/751364/000075136419000022/ex991-12312018.htm,"""Portfolio occupancy was 98.2% at December 31, 2018"""
2018,propiedades,2969.0,na,reportado,8-K 2019-02-12 Ex-99.1 (resultados 2018) - propiedades al 31-dic,2019-02-12,https://www.sec.gov/Archives/edgar/data/751364/000075136419000022/ex991-12312018.htm,"""As of December 31, 2018, the company owned 2,969 properties in 48 states with a gross leasable area of approximately 30.5 million square feet and with a weighted average remaining lease term of 11.5 years"""
2019,affo_por_accion,2.8,actual,reportado,8-K 2020-02-11 Ex-99.1 (resultados 2019) - AFFO diluido; verificado igual en comparativo del release FY2020 (2021-02-11),2020-02-11,https://www.sec.gov/Archives/edgar/data/751364/000075136420000020/ex991-12312019.htm,"[fila de tabla de conciliacion] ""AFFO per common share - Diluted"": Year Ended December 31, 2019: $2.80 | 2018: $2.68"
2019,cap_rate_adquisicion,0.069,na,reportado,8-K 2020-02-11 Ex-99.1 (resultados 2019) - 'initial cash yield' (equivalente a cap rate inicial en efectivo),2020-02-11,https://www.sec.gov/Archives/edgar/data/751364/000075136420000020/ex991-12312019.htm,"""Invested $752.5 million in 210 properties with an aggregate gross leasable area of approximately 3,164,000 square feet at an initial cash yield of 6.9%"""
2019,core_ffo_por_accion,2.76,actual,reportado,8-K 2020-02-11 Ex-99.1 (resultados 2019) - Core FFO diluido; verificado igual en comparativo del release FY2020 (2021-02-11),2020-02-11,https://www.sec.gov/Archives/edgar/data/751364/000075136420000020/ex991-12312019.htm,"[fila de tabla de conciliacion] ""Core FFO per common share - Diluted"": Year Ended December 31, 2019: $2.76 | 2018: $2.65"
2019,deuda_neta_ebitdare_proforma,4.9,na,reportado,"8-K 2020-02-11 Ex-99.2 suplemento FY2019, CREDIT METRICS; base ultimos cuatro trimestres; nota (1) de la tabla: 'Debt amounts used in calculation(s) are net of cash balances'",2020-02-11,https://www.sec.gov/Archives/edgar/data/751364/000075136420000020/ex992-12312019.htm,"[tabla CREDIT METRICS] ""Debt / EBITDA (last four quarters)"": 2015 4.6 | 2016 4.3 | 2017 4.9 | 2018 4.8 | 2019 4.9"
2019,disposiciones,126200000.0,na,reportado,8-K 2020-02-11 Ex-99.1 (resultados 2019) - ventas de propiedades (monto de venta),2020-02-11,https://www.sec.gov/Archives/edgar/data/751364/000075136420000020/ex991-12312019.htm,"""Sold 59 properties for $126.2 million, producing $32.1 million of gains on sale, net of noncontrolling interest, at a cap rate of 5.9%"""
2019,dividendo_declarado_por_accion,2.03,actual,reportado,8-K 2020-02-11 Ex-99.1 (resultados 2019) - dividendo anual por accion comun; cotejado con XBRL us-gaap:CommonStockDividendsPerShareDeclared de 10-K posteriores (mismo valor),2020-02-11,https://www.sec.gov/Archives/edgar/data/751364/000075136420000020/ex991-12312019.htm,"""Annual dividend per common share increased 4.1% to $2.03 marking the 30th consecutive year"""
2019,ffo,446661000.0,na,reportado,"8-K 2020-02-11 Ex-99.1 (resultados 2019) - FFO disponible a accionistas comunes, miles x 1000; verificado igual en comparativo del release FY2020 (2021-02-11)",2020-02-11,https://www.sec.gov/Archives/edgar/data/751364/000075136420000020/ex991-12312019.htm,"[fila de tabla de conciliacion, miles de USD] ""FFO available to common stockholders"": Year Ended December 31, 2019: $446,661 | 2018: $395,337"
2019,ffo_por_accion,2.71,actual,reportado,8-K 2020-02-11 Ex-99.1 (resultados 2019) - FFO Nareit diluido; verificado igual en comparativo del release FY2020 (2021-02-11),2020-02-11,https://www.sec.gov/Archives/edgar/data/751364/000075136420000020/ex991-12312019.htm,"[fila de tabla de conciliacion] ""FFO per common share - Diluted"": Year Ended December 31, 2019: $2.71 | 2018: $2.53"
2019,inversion_en_adquisiciones,752500000.0,na,reportado,"8-K 2020-02-11 Ex-99.1 (resultados 2019) - 210 propiedades; suplemento FY2020: $752,497k; suplemento anual (Ex-99.2) indica que el total 'Includes dollars invested in projects under construction or tenant improvements'",2020-02-11,https://www.sec.gov/Archives/edgar/data/751364/000075136420000020/ex991-12312019.htm,"""Invested $752.5 million in 210 properties with an aggregate gross leasable area of approximately 3,164,000 square feet at an initial cash yield of 6.9%"""
2019,ocupacion,0.99,na,reportado,8-K 2020-02-11 Ex-99.1 (resultados 2019) - ocupacion al 31-dic,2020-02-11,https://www.sec.gov/Archives/edgar/data/751364/000075136420000020/ex991-12312019.htm,"""Portfolio occupancy was 99.0% at December 31, 2019"""
2019,propiedades,3118.0,na,reportado,8-K 2020-02-11 Ex-99.1 (resultados 2019) - propiedades al 31-dic,2020-02-11,https://www.sec.gov/Archives/edgar/data/751364/000075136420000020/ex991-12312019.htm,"""As of December 31, 2019, the company owned 3,118 properties in 48 states with a gross leasable area of approximately 32.5 million square feet"""
2020,affo_por_accion,2.51,actual,reportado,8-K 2021-02-11 Ex-99.1 (resultados 2020) - AFFO diluido; verificado igual en comparativo del release FY2021 (2022-02-09),2021-02-11,https://www.sec.gov/Archives/edgar/data/751364/000075136421000017/ex991-12312020.htm,"[fila de tabla de conciliacion] ""AFFO per common share - Diluted"": Year Ended December 31, 2020: $2.51 | 2019: $2.80"
2020,cap_rate_adquisicion,0.065,na,reportado,8-K 2021-02-11 Ex-99.1 (resultados 2020) - 'initial cash yield' (equivalente a cap rate inicial en efectivo),2021-02-11,https://www.sec.gov/Archives/edgar/data/751364/000075136421000017/ex991-12312020.htm,"""$180.0 million in property investments, including the acquisition of 63 properties with aggregate gross leasable area of approximately 449,000 square feet at an initial cash yield of 6.5%"""
2020,core_ffo_por_accion,2.59,actual,reportado,8-K 2021-02-11 Ex-99.1 (resultados 2020) - Core FFO diluido; verificado igual en comparativo del release FY2021 (2022-02-09),2021-02-11,https://www.sec.gov/Archives/edgar/data/751364/000075136421000017/ex991-12312020.htm,"[fila de tabla de conciliacion] ""Core FFO per common share - Diluted"": Year Ended December 31, 2020: $2.59 | 2019: $2.76"
2020,deuda_neta_ebitdare_proforma,5.0,na,reportado,"8-K 2021-02-11 Ex-99.2 suplemento FY2020, CREDIT METRICS; base ultimos cuatro trimestres; nota (1) de la tabla: 'Debt amounts used in calculation(s) are net of cash balances'; el suplemento FY2024 da tambien 5.0 base ultimo trimestre anualizado",2021-02-11,https://www.sec.gov/Archives/edgar/data/751364/000075136421000017/ex992-12312020.htm,"[tabla CREDIT METRICS] ""Debt / EBITDA (last four quarters)"": 2016 4.3 | 2017 4.9 | 2018 4.8 | 2019 4.9 | 2020 5.0"
2020,disposiciones,54500000.0,na,reportado,8-K 2021-02-11 Ex-99.1 (resultados 2020) - ventas de propiedades (monto de venta),2021-02-11,https://www.sec.gov/Archives/edgar/data/751364/000075136421000017/ex991-12312020.htm,"""Sold 38 properties for $54.5 million, producing $16.2 million of gains on sale, at a cap rate of 6.1%"""
2020,dividendo_declarado_por_accion,2.07,actual,reportado,8-K 2021-02-11 Ex-99.1 (resultados 2020) - dividendo anual por accion comun; cotejado con XBRL us-gaap:CommonStockDividendsPerShareDeclared de 10-K posteriores (mismo valor),2021-02-11,https://www.sec.gov/Archives/edgar/data/751364/000075136421000017/ex991-12312020.htm,"""Annual dividend per common share increased 2.0% to $2.07 marking the 31st consecutive year of annual dividend increases"""
2020,ffo,428236000.0,na,reportado,"8-K 2021-02-11 Ex-99.1 (resultados 2020) - FFO disponible a accionistas comunes, miles x 1000; verificado igual en comparativo del release FY2021 (2022-02-09)",2021-02-11,https://www.sec.gov/Archives/edgar/data/751364/000075136421000017/ex991-12312020.htm,"[fila de tabla de conciliacion, miles de USD] ""FFO available to common stockholders"": Year Ended December 31, 2020: $428,236 | 2019: $446,661"
2020,ffo_por_accion,2.49,actual,reportado,8-K 2021-02-11 Ex-99.1 (resultados 2020) - FFO Nareit diluido; verificado igual en comparativo del release FY2021 (2022-02-09),2021-02-11,https://www.sec.gov/Archives/edgar/data/751364/000075136421000017/ex991-12312020.htm,"[fila de tabla de conciliacion] ""FFO per common share - Diluted"": Year Ended December 31, 2020: $2.49 | 2019: $2.71"
2020,inversion_en_adquisiciones,180000000.0,na,reportado,"8-K 2021-02-11 Ex-99.1 (resultados 2020) - 63 propiedades; suplemento FY2020: $179,967k; suplemento anual (Ex-99.2) indica que el total 'Includes dollars invested in projects under construction or tenant improvements'",2021-02-11,https://www.sec.gov/Archives/edgar/data/751364/000075136421000017/ex991-12312020.htm,"""$180.0 million in property investments, including the acquisition of 63 properties with aggregate gross leasable area of approximately 449,000 square feet at an initial cash yield of 6.5%"""
2020,ocupacion,0.985,na,reportado,8-K 2021-02-11 Ex-99.1 (resultados 2020) - ocupacion al 31-dic,2021-02-11,https://www.sec.gov/Archives/edgar/data/751364/000075136421000017/ex991-12312020.htm,"""Maintained high occupancy levels at 98.5%, with a weighted average remaining lease term of 10.7 years"""
2020,propiedades,3143.0,na,reportado,8-K 2021-02-11 Ex-99.1 (resultados 2020) - propiedades al 31-dic,2021-02-11,https://www.sec.gov/Archives/edgar/data/751364/000075136421000017/ex991-12312020.htm,"""As of December 31, 2020, the company owned 3,143 properties in 48 states with a gross leasable area of approximately 32.5 million square feet and with a weighted average remaining lease term of 10.7 years."""
2021,affo_por_accion,3.06,actual,reportado,8-K 2022-02-09 Ex-99.1 (resultados 2021) - AFFO diluido; verificado igual en comparativo del release FY2022 (2023-02-09),2022-02-09,https://www.sec.gov/Archives/edgar/data/751364/000095017022000936/nnn-ex99_1.htm,"[fila de tabla de conciliacion] ""AFFO per common share - Diluted"": Year Ended December 31, 2021: $3.06 | 2020: $2.51"
2021,cap_rate_adquisicion,0.065,na,reportado,8-K 2022-02-09 Ex-99.1 (resultados 2021) - 'initial cash yield' (equivalente a cap rate inicial en efectivo),2022-02-09,https://www.sec.gov/Archives/edgar/data/751364/000095017022000936/nnn-ex99_1.htm,"""$555.4 million in property investments, including the acquisition of 156 properties with aggregate gross leasable area of approximately 1,341,000 square feet at an initial cash yield of 6.5%"""
2021,core_ffo_por_accion,2.86,actual,reportado,8-K 2022-02-09 Ex-99.1 (resultados 2021) - Core FFO diluido; verificado igual en comparativo del release FY2022 (2023-02-09),2022-02-09,https://www.sec.gov/Archives/edgar/data/751364/000095017022000936/nnn-ex99_1.htm,"[fila de tabla de conciliacion] ""Core FFO per common share - Diluted"": Year Ended December 31, 2021: $2.86 | 2020: $2.59"
2021,deuda_neta_ebitdare_proforma,5.2,na,reportado,"8-K 2025-02-11 Ex-99.2 suplemento FY2024, CREDIT METRICS; ultimo trimestre anualizado; nota (1) de la tabla: 'Debt amounts used in calculation(s) are net of cash balances'; (suplementos FY2021/FY2022 truncados por WebFetch, no leidos)",2025-02-11,https://www.sec.gov/Archives/edgar/data/751364/000095017025017471/nnn-ex99_2.htm,"[tabla CREDIT METRICS] ""Debt / EBITDA (last quarter annualized)"": 2020 5.0 | 2021 5.2 | 2022 5.4 | 2023 5.5 | 2024 5.5"
2021,deuda_neta_ebitdare_proforma_reexpresado,5.4,na,reportado,"8-K 2026-02-11 Ex-99.2 suplemento FY2025, 'Net Debt / EBITDAre (last quarter annualized)': REEXPRESADO/nueva metodologia vs 5.2 del suplemento FY2024",2026-02-11,https://www.sec.gov/Archives/edgar/data/751364/000119312526045612/nnn-ex99_2.htm,"[tabla CREDIT METRICS] ""Net Debt / EBITDAre (last quarter annualized)"": 2021 5.4x | 2022 5.5x | 2023 5.7x | 2024 5.6x | 2025 5.6x"
2021,disposiciones,122000000.0,na,reportado,8-K 2022-02-09 Ex-99.1 (resultados 2021) - ventas de propiedades (monto de venta),2022-02-09,https://www.sec.gov/Archives/edgar/data/751364/000095017022000936/nnn-ex99_1.htm,"""Sold 74 properties for $122.0 million, producing $23.1 million of gains on sale, at a cap rate of 7.4%"""
2021,dividendo_declarado_por_accion,2.1,actual,reportado,8-K 2022-02-09 Ex-99.1 (resultados 2021) - dividendo anual por accion comun; cotejado con XBRL us-gaap:CommonStockDividendsPerShareDeclared de 10-K posteriores (mismo valor),2022-02-09,https://www.sec.gov/Archives/edgar/data/751364/000095017022000936/nnn-ex99_1.htm,"""Annual dividend per common share increased to $2.10 marking the 32nd consecutive year of annual dividend increases"""
2021,ffo,467833000.0,na,reportado,"8-K 2022-02-09 Ex-99.1 (resultados 2021) - FFO disponible a accionistas comunes, miles x 1000; verificado igual en comparativo del release FY2022 (2023-02-09)",2022-02-09,https://www.sec.gov/Archives/edgar/data/751364/000095017022000936/nnn-ex99_1.htm,"[fila de tabla de conciliacion, miles de USD] ""FFO available to common stockholders"": Year Ended December 31, 2021: $467,833 | 2020: $428,236"
2021,ffo_por_accion,2.68,actual,reportado,8-K 2022-02-09 Ex-99.1 (resultados 2021) - FFO Nareit diluido; verificado igual en comparativo del release FY2022 (2023-02-09),2022-02-09,https://www.sec.gov/Archives/edgar/data/751364/000095017022000936/nnn-ex99_1.htm,"[fila de tabla de conciliacion] ""FFO per common share - Diluted"": Year Ended December 31, 2021: $2.68 | 2020: $2.49"
2021,inversion_en_adquisiciones,555400000.0,na,reportado,8-K 2022-02-09 Ex-99.1 (resultados 2021) - 156 propiedades; 'property investments' (no se verifico nota de desarrollo este anio),2022-02-09,https://www.sec.gov/Archives/edgar/data/751364/000095017022000936/nnn-ex99_1.htm,"""$555.4 million in property investments, including the acquisition of 156 properties with aggregate gross leasable area of approximately 1,341,000 square feet at an initial cash yield of 6.5%"""
2021,ocupacion,0.99,na,reportado,8-K 2022-02-09 Ex-99.1 (resultados 2021) - ocupacion al 31-dic,2022-02-09,https://www.sec.gov/Archives/edgar/data/751364/000095017022000936/nnn-ex99_1.htm,"""Maintained high occupancy levels at 99.0%, with a weighted average remaining lease term of 10.6 years"""
2021,propiedades,3223.0,na,reportado,8-K 2022-02-09 Ex-99.1 (resultados 2021) - propiedades al 31-dic,2022-02-09,https://www.sec.gov/Archives/edgar/data/751364/000095017022000936/nnn-ex99_1.htm,"""As of December 31, 2021, the company owned 3,223 properties in 48 states with a gross leasable area of approximately 32,753,000 million square feet and with a weighted average remaining lease term of 10.6 years."""
2022,affo_por_accion,3.21,actual,reportado,8-K 2023-02-09 Ex-99.1 (resultados 2022) - AFFO diluido; verificado igual en comparativo del release FY2023 (2024-02-08),2023-02-09,https://www.sec.gov/Archives/edgar/data/751364/000095017023002247/nnn-ex99_1.htm,"[fila de tabla de conciliacion] ""AFFO per common share - Diluted"": Year Ended December 31, 2022: $3.21 | 2021: $3.06"
2022,cap_rate_adquisicion,0.064,na,reportado,8-K 2023-02-09 Ex-99.1 (resultados 2022) - 'initial cash cap rate',2023-02-09,https://www.sec.gov/Archives/edgar/data/751364/000095017023002247/nnn-ex99_1.htm,"""$847.7 million in property investments, including the acquisition of 223 properties with aggregate gross leasable area of approximately 2,629,000 square feet at an initial cash cap rate of 6.4%, with a weighted average remaining lease term of 16.2 years"""
2022,core_ffo_por_accion,3.14,actual,reportado,8-K 2023-02-09 Ex-99.1 (resultados 2022) - Core FFO diluido; verificado igual en comparativo del release FY2023 (2024-02-08),2023-02-09,https://www.sec.gov/Archives/edgar/data/751364/000095017023002247/nnn-ex99_1.htm,"[fila de tabla de conciliacion] ""Core FFO per common share - Diluted"": Year Ended December 31, 2022: $3.14 | 2021: $2.86"
2022,deuda_neta_ebitdare_proforma,5.4,na,reportado,"8-K 2025-02-11 Ex-99.2 suplemento FY2024, CREDIT METRICS; ultimo trimestre anualizado; nota (1) de la tabla: 'Debt amounts used in calculation(s) are net of cash balances'",2025-02-11,https://www.sec.gov/Archives/edgar/data/751364/000095017025017471/nnn-ex99_2.htm,"[tabla CREDIT METRICS] ""Debt / EBITDA (last quarter annualized)"": 2020 5.0 | 2021 5.2 | 2022 5.4 | 2023 5.5 | 2024 5.5"
2022,deuda_neta_ebitdare_proforma_reexpresado,5.5,na,reportado,"8-K 2026-02-11 Ex-99.2 suplemento FY2025, 'Net Debt / EBITDAre (last quarter annualized)': REEXPRESADO vs 5.4",2026-02-11,https://www.sec.gov/Archives/edgar/data/751364/000119312526045612/nnn-ex99_2.htm,"[tabla CREDIT METRICS] ""Net Debt / EBITDAre (last quarter annualized)"": 2021 5.4x | 2022 5.5x | 2023 5.7x | 2024 5.6x | 2025 5.6x"
2022,disposiciones,65200000.0,na,reportado,8-K 2023-02-09 Ex-99.1 (resultados 2022) - ventas de propiedades (monto de venta),2023-02-09,https://www.sec.gov/Archives/edgar/data/751364/000095017023002247/nnn-ex99_1.htm,"""Sold 33 properties for $65.2 million, producing $17.4 million of gains on sale, at a cap rate of 5.9%"""
2022,dividendo_declarado_por_accion,2.16,actual,reportado,8-K 2023-02-09 Ex-99.1 (resultados 2022) - dividendo anual por accion comun; cotejado con XBRL us-gaap:CommonStockDividendsPerShareDeclared de 10-K posteriores (mismo valor),2023-02-09,https://www.sec.gov/Archives/edgar/data/751364/000095017023002247/nnn-ex99_1.htm,"""Annual dividend per common share increased to $2.16 marking the 33rd consecutive year of annual dividend increases"""
2022,ffo,548884000.0,na,reportado,"8-K 2023-02-09 Ex-99.1 (resultados 2022) - FFO disponible a accionistas comunes, miles x 1000; verificado igual en comparativo del release FY2023 (2024-02-08)",2023-02-09,https://www.sec.gov/Archives/edgar/data/751364/000095017023002247/nnn-ex99_1.htm,"[fila de tabla de conciliacion, miles de USD] ""FFO (available to common stockholders)"": Year Ended December 31, 2022: $548,884 | 2021: $467,833"
2022,ffo_por_accion,3.1,actual,reportado,8-K 2023-02-09 Ex-99.1 (resultados 2022) - FFO Nareit diluido; verificado igual en comparativo del release FY2023 (2024-02-08),2023-02-09,https://www.sec.gov/Archives/edgar/data/751364/000095017023002247/nnn-ex99_1.htm,"[fila de tabla de conciliacion] ""FFO per common share - Diluted"": Year Ended December 31, 2022: $3.10 | 2021: $2.68"
2022,inversion_en_adquisiciones,847700000.0,na,reportado,8-K 2023-02-09 Ex-99.1 (resultados 2022) - 223 propiedades; 'property investments' (no se verifico nota de desarrollo este anio),2023-02-09,https://www.sec.gov/Archives/edgar/data/751364/000095017023002247/nnn-ex99_1.htm,"""$847.7 million in property investments, including the acquisition of 223 properties with aggregate gross leasable area of approximately 2,629,000 square feet at an initial cash cap rate of 6.4%, with a weighted average remaining lease term of 16.2 years"""
2022,ocupacion,0.994,na,reportado,8-K 2023-02-09 Ex-99.1 (resultados 2022) - ocupacion al 31-dic,2023-02-09,https://www.sec.gov/Archives/edgar/data/751364/000095017023002247/nnn-ex99_1.htm,"""Maintained high occupancy levels at 99.4%, with a weighted average remaining lease term of 10.4 years, at December 31, 2022"""
2022,propiedades,3411.0,na,reportado,8-K 2023-02-09 Ex-99.1 (resultados 2022) - propiedades al 31-dic,2023-02-09,https://www.sec.gov/Archives/edgar/data/751364/000095017023002247/nnn-ex99_1.htm,"""As of December 31, 2022, the company owned 3,411 properties in 48 states with a gross leasable area of approximately 35.0 million square feet and with a weighted average remaining lease term of 10.4 years."""
2023,affo_por_accion,3.26,actual,reportado,8-K 2024-02-08 Ex-99.1 (resultados 2023) - AFFO diluido; verificado igual en comparativo del release FY2024 (2025-02-11),2024-02-08,https://www.sec.gov/Archives/edgar/data/751364/000095017024012539/nnn-ex99_1.htm,"[fila de tabla de conciliacion] ""AFFO per common share - Diluted"": Year Ended December 31, 2023: $3.26 | 2022: $3.21"
2023,cap_rate_adquisicion,0.073,na,reportado,8-K 2024-02-08 Ex-99.1 (resultados 2023) - 'initial cash cap rate',2024-02-08,https://www.sec.gov/Archives/edgar/data/751364/000095017024012539/nnn-ex99_1.htm,"""$819.7 million in property investments, including the acquisition of 165 properties with aggregate gross leasable area of approximately 1,281,000 square feet at an initial cash cap rate of 7.3%, with a weighted average remaining lease term of 18.8 years"""
2023,core_ffo_por_accion,3.26,actual,reportado,8-K 2024-02-08 Ex-99.1 (resultados 2023) - Core FFO diluido; verificado igual en comparativo del release FY2024 (2025-02-11),2024-02-08,https://www.sec.gov/Archives/edgar/data/751364/000095017024012539/nnn-ex99_1.htm,"[fila de tabla de conciliacion] ""Core FFO per common share - Diluted"": Year Ended December 31, 2023: $3.26 | 2022: $3.14"
2023,deuda_neta_ebitdare_proforma,5.5,na,reportado,8-K 2024-02-08 Ex-99.1 (resultados 2023); igual 5.5 en suplemento FY2024,2024-02-08,https://www.sec.gov/Archives/edgar/data/751364/000095017024012539/nnn-ex99_1.htm,"""As of December 31, 2023, Net Debt / EBITDA based on current quarter EBITDA annualized is 5.5x."""
2023,deuda_neta_ebitdare_proforma_reexpresado,5.7,na,reportado,"8-K 2026-02-11 Ex-99.2 suplemento FY2025, 'Net Debt / EBITDAre (last quarter annualized)': REEXPRESADO vs 5.5",2026-02-11,https://www.sec.gov/Archives/edgar/data/751364/000119312526045612/nnn-ex99_2.htm,"[tabla CREDIT METRICS] ""Net Debt / EBITDAre (last quarter annualized)"": 2021 5.4x | 2022 5.5x | 2023 5.7x | 2024 5.6x | 2025 5.6x"
2023,disposiciones,115700000.0,na,reportado,8-K 2024-02-08 Ex-99.1 (resultados 2023) - ventas de propiedades (monto de venta),2024-02-08,https://www.sec.gov/Archives/edgar/data/751364/000095017024012539/nnn-ex99_1.htm,"""Sold 45 properties for $115.7 million, producing $47.5 million of gains on sales, at a cap rate of 5.9%"""
2023,dividendo_declarado_por_accion,2.23,actual,reportado,8-K 2024-02-08 Ex-99.1 (resultados 2023) - dividendo anual por accion comun; cotejado con XBRL us-gaap:CommonStockDividendsPerShareDeclared de 10-K posteriores (mismo valor),2024-02-08,https://www.sec.gov/Archives/edgar/data/751364/000095017024012539/nnn-ex99_1.htm,"""Annual dividend per common share increased to $2.23 marking the 34th consecutive year of annual dividend increases"""
2023,ffo,589074000.0,na,reportado,"8-K 2024-02-08 Ex-99.1 (resultados 2023) - FFO disponible a accionistas comunes, miles x 1000; verificado igual en comparativo del release FY2024 (2025-02-11)",2024-02-08,https://www.sec.gov/Archives/edgar/data/751364/000095017024012539/nnn-ex99_1.htm,"[fila de tabla de conciliacion, miles de USD] ""FFO (available to common stockholders)"": Year Ended December 31, 2023: $589,074 | 2022: $548,884"
2023,ffo_por_accion,3.24,actual,reportado,8-K 2024-02-08 Ex-99.1 (resultados 2023) - FFO Nareit diluido; verificado igual en comparativo del release FY2024 (2025-02-11),2024-02-08,https://www.sec.gov/Archives/edgar/data/751364/000095017024012539/nnn-ex99_1.htm,"[fila de tabla de conciliacion] ""FFO per common share - Diluted"": Year Ended December 31, 2023: $3.24 | 2022: $3.10"
2023,inversion_en_adquisiciones,819700000.0,na,reportado,"8-K 2024-02-08 Ex-99.1 (resultados 2023) - 165 propiedades; suplemento FY2024: $819,710k, cap rate 7.3%",2024-02-08,https://www.sec.gov/Archives/edgar/data/751364/000095017024012539/nnn-ex99_1.htm,"""$819.7 million in property investments, including the acquisition of 165 properties with aggregate gross leasable area of approximately 1,281,000 square feet at an initial cash cap rate of 7.3%, with a weighted average remaining lease term of 18.8 years"""
2023,ocupacion,0.995,na,reportado,8-K 2024-02-08 Ex-99.1 (resultados 2023) - ocupacion al 31-dic,2024-02-08,https://www.sec.gov/Archives/edgar/data/751364/000095017024012539/nnn-ex99_1.htm,"""Maintained high occupancy levels at 99.5%, with a weighted average remaining lease term of 10.1 years, at December 31, 2023"""
2023,propiedades,3532.0,na,reportado,8-K 2024-02-08 Ex-99.1 (resultados 2023) - propiedades al 31-dic,2024-02-08,https://www.sec.gov/Archives/edgar/data/751364/000095017024012539/nnn-ex99_1.htm,"""As of December 31, 2023, the company owned 3,532 properties in 49 states with a gross leasable area of approximately 36.0 million square feet and a weighted average remaining lease term of 10.1 years."""
2024,affo_por_accion,3.35,actual,reportado,8-K 2025-02-11 Ex-99.1 (resultados 2024) - AFFO diluido; verificado igual en comparativo del release FY2025 (2026-02-11),2025-02-11,https://www.sec.gov/Archives/edgar/data/751364/000095017025017471/nnn-ex99_1.htm,"[fila de tabla de conciliacion] ""AFFO per common share - Diluted"": Year Ended December 31, 2024: $3.35 | 2023: $3.26"
2024,cap_rate_adquisicion,0.077,na,reportado,8-K 2025-02-11 Ex-99.1 (resultados 2024) - 'initial cash cap rate',2025-02-11,https://www.sec.gov/Archives/edgar/data/751364/000095017025017471/nnn-ex99_1.htm,"""$565.4 million in property investments, including the acquisition of 75 properties with aggregate gross leasable area of approximately 1,486,000 square feet at an initial cash cap rate of 7.7%, with a weighted average remaining lease term of 18.5 years"""
2024,core_ffo_por_accion,3.32,actual,reportado,8-K 2025-02-11 Ex-99.1 (resultados 2024) - Core FFO diluido; verificado igual en comparativo del release FY2025 (2026-02-11),2025-02-11,https://www.sec.gov/Archives/edgar/data/751364/000095017025017471/nnn-ex99_1.htm,"[fila de tabla de conciliacion] ""Core FFO per common share - Diluted"": Year Ended December 31, 2024: $3.32 | 2023: $3.26"
2024,deuda_neta_ebitdare_proforma,5.5,na,reportado,"8-K 2025-02-11 Ex-99.2 suplemento FY2024, CREDIT METRICS; ultimo trimestre anualizado; nota (1) de la tabla: 'Debt amounts used in calculation(s) are net of cash balances'; el release Ex-99.1 no trae el ratio",2025-02-11,https://www.sec.gov/Archives/edgar/data/751364/000095017025017471/nnn-ex99_2.htm,"[tabla CREDIT METRICS] ""Debt / EBITDA (last quarter annualized)"": 2020 5.0 | 2021 5.2 | 2022 5.4 | 2023 5.5 | 2024 5.5"
2024,deuda_neta_ebitdare_proforma_reexpresado,5.6,na,reportado,"8-K 2026-02-11 Ex-99.2 suplemento FY2025, 'Net Debt / EBITDAre (last quarter annualized)': REEXPRESADO vs 5.5",2026-02-11,https://www.sec.gov/Archives/edgar/data/751364/000119312526045612/nnn-ex99_2.htm,"[tabla CREDIT METRICS] ""Net Debt / EBITDAre (last quarter annualized)"": 2021 5.4x | 2022 5.5x | 2023 5.7x | 2024 5.6x | 2025 5.6x"
2024,disposiciones,148700000.0,na,reportado,8-K 2025-02-11 Ex-99.1 (resultados 2024) - ventas de propiedades (monto de venta),2025-02-11,https://www.sec.gov/Archives/edgar/data/751364/000095017025017471/nnn-ex99_1.htm,"""Sold 41 properties for $148.7 million, producing $42.3 million of gains on sales, at a cap rate of 7.3%"""
2024,dividendo_declarado_por_accion,2.29,actual,reportado,8-K 2025-02-11 Ex-99.1 (resultados 2024) - dividendo anual por accion comun; cotejado con XBRL us-gaap:CommonStockDividendsPerShareDeclared de 10-K posteriores (mismo valor),2025-02-11,https://www.sec.gov/Archives/edgar/data/751364/000095017025017471/nnn-ex99_1.htm,"""Annual dividend per common share increased to $2.29 marking the 35th consecutive year of annual dividend increases"""
2024,ffo,610501000.0,na,reportado,"8-K 2025-02-11 Ex-99.1 (resultados 2024) - FFO disponible a accionistas comunes, miles x 1000; verificado igual en comparativo del release FY2025 (2026-02-11)",2025-02-11,https://www.sec.gov/Archives/edgar/data/751364/000095017025017471/nnn-ex99_1.htm,"[fila de tabla de conciliacion, miles de USD] ""FFO (available to common stockholders)"": Year Ended December 31, 2024: $610,501 | 2023: $589,074"
2024,ffo_por_accion,3.32,actual,reportado,8-K 2025-02-11 Ex-99.1 (resultados 2024) - FFO Nareit diluido; verificado igual en comparativo del release FY2025 (2026-02-11),2025-02-11,https://www.sec.gov/Archives/edgar/data/751364/000095017025017471/nnn-ex99_1.htm,"[fila de tabla de conciliacion] ""FFO per common share - Diluted"": Year Ended December 31, 2024: $3.32 | 2023: $3.24"
2024,inversion_en_adquisiciones,565400000.0,na,reportado,"8-K 2025-02-11 Ex-99.1 (resultados 2024) - 75 propiedades; suplemento FY2025: $565,416k; suplemento anual (Ex-99.2) indica que el total 'Includes dollars invested in projects under construction or tenant improvements'",2025-02-11,https://www.sec.gov/Archives/edgar/data/751364/000095017025017471/nnn-ex99_1.htm,"""$565.4 million in property investments, including the acquisition of 75 properties with aggregate gross leasable area of approximately 1,486,000 square feet at an initial cash cap rate of 7.7%, with a weighted average remaining lease term of 18.5 years"""
2024,ocupacion,0.985,na,reportado,8-K 2025-02-11 Ex-99.1 (resultados 2024) - ocupacion al 31-dic,2025-02-11,https://www.sec.gov/Archives/edgar/data/751364/000095017025017471/nnn-ex99_1.htm,"""Maintained high occupancy levels at 98.5%, with a weighted average remaining lease term of 9.9 years, at December 31, 2024 as compared to 99.3% at September 30, 2024, and 99.5% at December 31, 2023"""
2024,propiedades,3568.0,na,reportado,8-K 2025-02-11 Ex-99.1 (resultados 2024) - propiedades al 31-dic,2025-02-11,https://www.sec.gov/Archives/edgar/data/751364/000095017025017471/nnn-ex99_1.htm,"""As of December 31, 2024, the company owned 3,568 properties in 49 states with a gross leasable area of approximately 36.6 million square feet and a weighted average remaining lease term of 9.9 years"""
2025,affo_por_accion,3.44,actual,reportado,8-K 2026-02-11 Ex-99.1 (resultados 2025) - AFFO diluido; sin release del anio siguiente para cotejar,2026-02-11,https://www.sec.gov/Archives/edgar/data/751364/000119312526045612/nnn-ex99_1.htm,"""Grew Core FFO and AFFO per diluted share by 2.7% over prior-year results to $3.41 and $3.44, respectively"" ; [fila de tabla de conciliacion] ""AFFO per common share - Diluted"": Year Ended December 31, 2025: $3.44 | 2024: $3.35"
2025,cap_rate_adquisicion,0.074,na,reportado,8-K 2026-02-11 Ex-99.1 (resultados 2025) - 'initial cash cap rate',2026-02-11,https://www.sec.gov/Archives/edgar/data/751364/000119312526045612/nnn-ex99_1.htm,"""Closed on $931.0 million of investments at an initial cash cap rate of 7.4%, with a weighted average remaining lease term of 17.6 years"""
2025,core_ffo_por_accion,3.41,actual,reportado,8-K 2026-02-11 Ex-99.1 (resultados 2025) - Core FFO diluido; sin release del anio siguiente para cotejar,2026-02-11,https://www.sec.gov/Archives/edgar/data/751364/000119312526045612/nnn-ex99_1.htm,"""Grew Core FFO and AFFO per diluted share by 2.7% over prior-year results to $3.41 and $3.44, respectively"" ; [fila de tabla de conciliacion] ""Core FFO per common share - Diluted"": Year Ended December 31, 2025: $3.41 | 2024: $3.32"
2025,deuda_neta_ebitdare_proforma,5.6,na,reportado,8-K 2026-02-11 Ex-99.1 (resultados 2025); EBITDAre anualizado; igual 5.6x en suplemento FY2025,2026-02-11,https://www.sec.gov/Archives/edgar/data/751364/000119312526045612/nnn-ex99_1.htm,"""Net Debt to annualized EBITDAre and fixed charge coverage was 5.6x and 4.1x, respectively, as of December 31, 2025."""
2025,disposiciones,190500000.0,na,reportado,8-K 2026-02-11 Ex-99.1 (resultados 2025) - ventas de propiedades (monto de venta),2026-02-11,https://www.sec.gov/Archives/edgar/data/751364/000119312526045612/nnn-ex99_1.htm,"""Sold 116 properties for $190.5 million"" ; suplemento Ex-99.2 tabla Property Dispositions: Net sale proceeds total 2025 $190,474k"
2025,dividendo_declarado_por_accion,2.36,actual,reportado,8-K 2026-02-11 Ex-99.1 (resultados 2025) - dividendo anual por accion comun; cotejado con XBRL us-gaap:CommonStockDividendsPerShareDeclared de 10-K posteriores (mismo valor),2026-02-11,https://www.sec.gov/Archives/edgar/data/751364/000119312526045612/nnn-ex99_1.htm,"""Paid an annual dividend per common share of $2.36 in 2025"" ; tabla: ""Dividend per share"" FY2025 $2.36 | FY2024 $2.29"
2025,ffo,638382000.0,na,reportado,"8-K 2026-02-11 Ex-99.1 (resultados 2025) - FFO disponible a accionistas comunes, miles x 1000; sin release del anio siguiente para cotejar",2026-02-11,https://www.sec.gov/Archives/edgar/data/751364/000119312526045612/nnn-ex99_1.htm,"[fila de tabla de conciliacion, miles de USD] ""FFO (available to common stockholders)"": Year Ended December 31, 2025: $638,382 | 2024: $610,501"
2025,ffo_por_accion,3.4,actual,reportado,8-K 2026-02-11 Ex-99.1 (resultados 2025) - FFO Nareit diluido; sin release del anio siguiente para cotejar,2026-02-11,https://www.sec.gov/Archives/edgar/data/751364/000119312526045612/nnn-ex99_1.htm,"[fila de tabla de conciliacion] ""FFO per common share - Diluted"": Year Ended December 31, 2025: $3.40 | 2024: $3.32"
2025,inversion_en_adquisiciones,931000000.0,na,reportado,8-K 2026-02-11 Ex-99.1 (resultados 2025) - 239 propiedades; incluye construccion en curso/mejoras (nota (1) de la tabla),2026-02-11,https://www.sec.gov/Archives/edgar/data/751364/000119312526045612/nnn-ex99_1.htm,"""Closed on $931.0 million of investments at an initial cash cap rate of 7.4%, with a weighted average remaining lease term of 17.6 years"" ; tabla Property Acquisitions: Total dollars invested(1) $931,017 ; Number of properties 239 ; nota (1) ""Includes dollars invested in projects under construction or tenant improvements"""
2025,ocupacion,0.983,na,reportado,8-K 2026-02-11 Ex-99.1 (resultados 2025) - ocupacion al 31-dic (highlight del 4T25; ocupacion al cierre del anio),2026-02-11,https://www.sec.gov/Archives/edgar/data/751364/000119312526045612/nnn-ex99_1.htm,"""Increased portfolio occupancy by 80 basis points over the prior quarter to 98.3%, with a weighted average remaining lease term of 10.2 years"""
2025,propiedades,3692.0,na,reportado,8-K 2026-02-11 Ex-99.1 (resultados 2025) - propiedades al 31-dic,2026-02-11,https://www.sec.gov/Archives/edgar/data/751364/000119312526045612/nnn-ex99_1.htm,"""As of December 31, 2025, the Company owned 3,692 properties in all 50 states, the District of Columbia and Puerto Rico with a gross leasable area of approximately 39.6 million square feet and a weighted average remaining lease term of 10.2 years."""
