anio,concepto,valor,base,metodo,fuente,fecha_publicacion,url,cita
1998,activos_totales,813264000.0,actual,reportado,"Total assets (DEFM14A 2000, tabla historica). Fecha = 10-K FY1998",1999-03-30,https://www.sec.gov/Archives/edgar/data/1025378/000095012300005217/0000950123-00-005217.txt,"Total assets.....................    582,325    544,728    523,420      813,264      856,259"
1998,affo,49265000.0,actual,reportado,"FFO (no auditado) Carey Diversified; FFO definido por WPC (no NAREIT puro: NAREIT + suma de cargos no monetarios como impairments, rentas lineales, impuestos diferidos, amortizacion de intangibles, stock comp); es la misma serie que WPC re-etiqueto 'AFFO' en 2009 (2008 = 3.09 como FFO y como AFFO); definicion en nota (2): NAREIT + 'certain non-cash expenses'. Cifra leida en proxy de fusion 2000 (no se pudo leer el informe anual 1998)",2000-05-17,https://www.sec.gov/Archives/edgar/data/1025378/000095012300005217/0000950123-00-005217.txt,"Funds from operations (unaudited)(2).................         --         --         --       49,265       52,879"
1998,affo_por_accion,1.98,actual,calculado,"calculado = FFO 49,265 mil / 24,869,570 acciones diluidas ponderadas (ambos del DEFM14A 2000); la empresa no reporto FFO/accion 1998 en las fuentes leidas",2000-05-17,https://www.sec.gov/Archives/edgar/data/1025378/000095012300005217/0000950123-00-005217.txt,"Weighted average listed shares outstanding -- diluted.........  --  --  --   24,869,570   25,596,793 | Funds from operations (unaudited)(2) ... 49,265  52,879"
1998,deuda_total,271298000.0,actual,reportado,'Total debt' (hipotecas + notas) segun DEFM14A 2000. Fecha = 10-K FY1998,1999-03-30,https://www.sec.gov/Archives/edgar/data/1025378/000095012300005217/0000950123-00-005217.txt,"Total debt.......................    274,737    227,548    207,627      271,298      317,351"
1998,dividendo_declarado_por_accion,1.65,actual,reportado,10-K405 FY1998 Item 5: 4 x 0.4125 (regular; sin especiales),1999-03-30,https://www.sec.gov/Archives/edgar/data/1025378/0000950123-99-002755.txt,Total                           $   1.6500
1998,ingresos_totales,85330000.0,actual,reportado,Total revenues Carey Diversified (tabla historica del DEFM14A 2000; igual en informe anual 2001). Fecha = 10-K FY1998,1999-03-30,https://www.sec.gov/Archives/edgar/data/1025378/000095012300005217/0000950123-00-005217.txt,"Total revenues...................  $ 107,946   $101,576   $ 96,271     $ 85,330     $ 88,506     $129,255"
1998,propiedades,205.0,actual,calculado,calculado = 202 EE.UU. + 3 Europa (10-K405 FY1998 Item 1),1999-03-30,https://www.sec.gov/Archives/edgar/data/1025378/0000950123-99-002755.txt,"As of December 31, 1998, Carey Diversified's portfolio consisted of 202 properties in the United States and three properties in Europe and totaling more than 20 million square feet."
1999,activos_totales,856259000.0,actual,reportado,Total assets (DEFM14A 2000; igual en balance del informe anual 2000),2000-04-11,https://www.sec.gov/Archives/edgar/data/1025378/000095012300005217/0000950123-00-005217.txt,"Total assets.....................    582,325    544,728    523,420      813,264      856,259"
1999,affo,52879000.0,actual,reportado,"FFO (no auditado) Carey Diversified; FFO definido por WPC (no NAREIT puro: NAREIT + suma de cargos no monetarios como impairments, rentas lineales, impuestos diferidos, amortizacion de intangibles, stock comp); es la misma serie que WPC re-etiqueto 'AFFO' en 2009 (2008 = 3.09 como FFO y como AFFO)",2000-05-17,https://www.sec.gov/Archives/edgar/data/1025378/000095012300005217/0000950123-00-005217.txt,"Funds from operations (unaudited)(2).................         --         --         --       49,265       52,879"
1999,affo_por_accion,2.07,actual,reportado,"FFO/accion 1999 citado en carta del informe anual 2000 (chequeo: 52,879/25,596,793 = 2.066). Fecha = 10-K FY2000 (publicacion del informe anual 2000); probablemente publico antes en informe 1999 (no leido)",2001-03-30,https://www.annualreports.co.uk/HostedData/AnnualReportArchive/w/NYSE_WPC_2000.pdf,"FFO increased 10% to $2.28 per share in 2000, from $2.07 per share in 1999."
1999,deuda_total,317351000.0,actual,reportado,"'Total debt' DEFM14A 2000 (= hipotecas 188,248 + notas 129,103 del balance del informe 2000)",2000-04-11,https://www.sec.gov/Archives/edgar/data/1025378/000095012300005217/0000950123-00-005217.txt,"Total debt.......................    274,737    227,548    207,627      271,298      317,351"
1999,dividendo_declarado_por_accion,1.67,actual,reportado,10-K405 FY1999 Item 5: 4 x 0.4175 (regular),2000-04-11,https://www.sec.gov/Archives/edgar/data/1025378/0000950123-00-003491.txt,Total                        $1.6700                 $1.6500
1999,ingresos_totales,88506000.0,actual,reportado,Total revenues (DEFM14A 2000). Fecha = 10-K FY1999,2000-04-11,https://www.sec.gov/Archives/edgar/data/1025378/000095012300005217/0000950123-00-005217.txt,"Total revenues...................  $ 107,946   $101,576   $ 96,271     $ 85,330     $ 88,506     $129,255"
1999,propiedades,213.0,actual,calculado,calculado = 207 EE.UU. + 6 Europa (10-K405 FY1999 Item 1),2000-04-11,https://www.sec.gov/Archives/edgar/data/1025378/0000950123-00-003491.txt,"As of December 31, 1999, Carey Diversified's portfolio consisted of 207 properties in the United States and six properties in Europe and totaling more than 20 million square feet."
2000,activos_totales,904242000.0,actual,reportado,Balance consolidado informe anual 2000,2001-03-30,https://www.annualreports.co.uk/HostedData/AnnualReportArchive/w/NYSE_WPC_2000.pdf,"Total assets $904,242 $856,259"
2000,affo,68044000.0,actual,reportado,"FFO segun WPC (informe anual 2000, Financial Highlights); FFO definido por WPC (no NAREIT puro: NAREIT + suma de cargos no monetarios como impairments, rentas lineales, impuestos diferidos, amortizacion de intangibles, stock comp); es la misma serie que WPC re-etiqueto 'AFFO' en 2009 (2008 = 3.09 como FFO y como AFFO); incluye reversion del write-off no monetario de $38M",2001-03-30,https://www.annualreports.co.uk/HostedData/AnnualReportArchive/w/NYSE_WPC_2000.pdf,"Funds From Operations (FFO) $ 68,044"
2000,affo_por_accion,2.28,actual,reportado,"FFO/accion 2000 (informe anual 2000). OJO: 68,044/29,652,698 acciones diluidas = 2.295, no 2.28 (diferencia de 0.015 no explicada)",2001-03-30,https://www.annualreports.co.uk/HostedData/AnnualReportArchive/w/NYSE_WPC_2000.pdf,"Per Share Funds From Operations (FFO) $ 2.28 ... Weighted Average Listed Shares Outstanding (Diluted) 29,652,698"
2000,deuda_total,290160000.0,actual,calculado,"calculado = Mortgage notes payable 196,094 + Notes payable 94,066 (balance informe anual 2000)",2001-03-30,https://www.annualreports.co.uk/HostedData/AnnualReportArchive/w/NYSE_WPC_2000.pdf,"Mortgage notes payable $196,094 $188,248 | Notes payable 94,066 129,103"
2000,dividendo_declarado_por_accion,1.69,actual,reportado,10-K405 FY2000 Item 5: 4 x 0.4225 (regular),2001-03-30,https://www.sec.gov/Archives/edgar/data/1025378/000095012301002868/y47104e10-k405.txt,Total:                     $1.6900            $1.6700
2000,ingresos_totales,120251000.0,actual,reportado,"Total revenues (informe anual 2000, Highlights; igual en datos seleccionados del informe 2001)",2001-03-30,https://www.annualreports.co.uk/HostedData/AnnualReportArchive/w/NYSE_WPC_2000.pdf,"Total Revenues $ 120,251"
2000,propiedades,194.0,actual,calculado,calculado = 189 EE.UU. + 5 Europa (10-K405 FY2000 Item 1),2001-03-30,https://www.sec.gov/Archives/edgar/data/1025378/000095012301002868/y47104e10-k405.txt,"As of December 31, 2000, WPC owned 189 properties in the United States and 5 properties in Europe totaling more than 20 million square feet, and managed an additional 232 properties."
2001,activos_totales,915883000.0,actual,reportado,Balance informe anual 2001,2002-03-28,https://www.annualreports.co.uk/HostedData/AnnualReportArchive/w/NYSE_WPC_2001.pdf,"Total assets $ 915,883 $904,242"
2001,affo,84160000.0,actual,reportado,"FFO segun WPC (informe anual 2001); FFO definido por WPC (no NAREIT puro: NAREIT + suma de cargos no monetarios como impairments, rentas lineales, impuestos diferidos, amortizacion de intangibles, stock comp); es la misma serie que WPC re-etiqueto 'AFFO' en 2009 (2008 = 3.09 como FFO y como AFFO). Confirmado en comunicado FY2002 (8-K 2003-02-28)",2002-03-28,https://www.annualreports.co.uk/HostedData/AnnualReportArchive/w/NYSE_WPC_2001.pdf,"Funds From Operations (FFO)(1) $ 84,160"
2001,affo_por_accion,2.41,actual,reportado,"FFO diluido/accion (informe anual 2001; 84,160/34,952,560 = 2.408). Sin comunicado 8-K; fecha = 10-K405 FY2001",2002-03-28,https://www.annualreports.co.uk/HostedData/AnnualReportArchive/w/NYSE_WPC_2001.pdf,"Diluted Funds From Operations (FFO) $ 2.41 ... Weighted Average Listed SharesOutstanding (Diluted) 34,952,560"
2001,deuda_total,295515000.0,actual,calculado,"calculado = Mortgage notes payable 200,515 + Notes payable 95,000",2002-03-28,https://www.annualreports.co.uk/HostedData/AnnualReportArchive/w/NYSE_WPC_2001.pdf,"Mortgage notes payable $ 200,515 $196,094 | Notes payable 95,000 94,066"
2001,dividendo_declarado_por_accion,1.7005,actual,reportado,Item 5 (informe anual 2001 = Apendice del 10-K405): suma trimestral regular,2002-03-28,https://www.annualreports.co.uk/HostedData/AnnualReportArchive/w/NYSE_WPC_2001.pdf,Total: $ 1.7005 $1.6900 $1.6700
2001,ingresos_totales,139411000.0,actual,reportado,"Total revenues (informe anual 2001; luego reexpresado a 129,268 por operaciones discontinuadas en informe 2002)",2002-03-28,https://www.annualreports.co.uk/HostedData/AnnualReportArchive/w/NYSE_WPC_2001.pdf,"Total Revenues $ 139,411"
2001,propiedades,190.0,actual,calculado,calculado = 184 EE.UU. + 6 Europa (MD&A informe anual 2001),2002-03-28,https://www.annualreports.co.uk/HostedData/AnnualReportArchive/w/NYSE_WPC_2001.pdf,"As of December 31, 2001, WPC owned 184 properties in the United States and 6 properties in Europe totaling more than 20 million square feet."
2002,activos_totales,893524000.0,actual,reportado,Balance informe anual 2002,2003-03-31,https://www.annualreports.co.uk/HostedData/AnnualReportArchive/w/NYSE_WPC_2002.pdf,"Total assets $893,524 $915,883"
2002,affo,102012000.0,actual,reportado,"FFO segun WPC, comunicado Q4-2002 (8-K presentado 2003-02-28); FFO definido por WPC (no NAREIT puro: NAREIT + suma de cargos no monetarios como impairments, rentas lineales, impuestos diferidos, amortizacion de intangibles, stock comp); es la misma serie que WPC re-etiqueto 'AFFO' en 2009 (2008 = 3.09 como FFO y como AFFO)",2003-02-26,https://www.sec.gov/Archives/edgar/data/1025378/000095012303002259/y84055exv99w1.txt,"Funds From Operations (FFO) for the twelve-month period increased 17% to $2.81 per diluted share, or $102.0 million, up from $2.41 per diluted share, or $84.2 million, for the comparable period last year."
2002,affo_por_accion,2.81,actual,reportado,"FFO diluido/accion; comunicado fechado 2003-02-26 (8-K 2003-02-28). Igual en informe anual 2002 (102,012/36,265,230)",2003-02-26,https://www.sec.gov/Archives/edgar/data/1025378/000095012303002259/y84055exv99w1.txt,"Funds From Operations (FFO) for the twelve-month period increased 17% to $2.81 per diluted share, or $102.0 million"
2002,deuda_total,235049000.0,actual,calculado,"calculado = Mortgage notes payable 186,049 + Notes payable 49,000",2003-03-31,https://www.annualreports.co.uk/HostedData/AnnualReportArchive/w/NYSE_WPC_2002.pdf,"Mortgage notes payable $186,049 $200,515 | Notes payable 49,000 95,000"
2002,dividendo_declarado_por_accion,1.718,actual,reportado,Item 5 informe anual 2002 (suma trimestral regular),2003-03-31,https://www.annualreports.co.uk/HostedData/AnnualReportArchive/w/NYSE_WPC_2002.pdf,Total: $1.7180 $1.7005 $1.6900
2002,ingresos_totales,161604000.0,actual,reportado,"Total revenues (informe anual 2002, Highlights y datos seleccionados)",2003-03-31,https://www.annualreports.co.uk/HostedData/AnnualReportArchive/w/NYSE_WPC_2002.pdf,"Total Revenues $ 161,604"
2002,inversion_en_adquisiciones,26733000.0,actual,calculado,"calculado = BE Aerospace 14,379 + 36% Hologic 11,714 + terreno Broomfield 640 (nota 11 'Acquisition of Real Estate', informe anual 2002); cuenta propia",2003-03-31,https://www.annualreports.co.uk/HostedData/AnnualReportArchive/w/NYSE_WPC_2002.pdf,"In September 2002, the Company used $14,379 from an escrow account ... to purchase properties ... BE Aerospace ... In December 2002, the Company purchased a 36% interest in two properties leased to Hologic, Inc. ... for $11,714 ... purchased 1.5 acres of land in Broomfield, Colorado for $640."
2002,propiedades,170.0,actual,calculado,calculado = 164 EE.UU. + 6 Europa (10-K FY2002 Item 1),2003-03-31,https://www.sec.gov/Archives/edgar/data/1025378/000095012303003589/y84797e10vk.txt,"As of December 31, 2002, WPC's portfolio consisted of 164 properties in the United States and 6 properties in Europe and totaled more than 19 million square feet."
2003,activos_totales,906505000.0,actual,reportado,Balance informe anual 2003,2004-03-15,https://www.annualreports.co.uk/HostedData/AnnualReportArchive/w/NYSE_WPC_2003.pdf,"Total assets $ 906,505 $ 893,524"
2003,affo,105518000.0,actual,reportado,"FFO segun WPC (informe anual 2003, Highlights); FFO definido por WPC (no NAREIT puro: NAREIT + suma de cargos no monetarios como impairments, rentas lineales, impuestos diferidos, amortizacion de intangibles, stock comp); es la misma serie que WPC re-etiqueto 'AFFO' en 2009 (2008 = 3.09 como FFO y como AFFO)",2004-02-26,https://www.annualreports.co.uk/HostedData/AnnualReportArchive/w/NYSE_WPC_2003.pdf,"Funds From Operations (FFO)(1) $105,518"
2003,affo_por_accion,2.78,actual,reportado,"FFO diluido/accion (informe anual 2003; 105,518/38,008,762 = 2.776). Fecha = llamada de resultados 26-feb-2004 (transcripcion en 8-K 2004-03-03 dice que el FFO/accion 'declined slightly'; el comunicado no se archivo en EDGAR). En 2005 WPC reexpreso acciones diluidas 2003 (+425,407) pero no publico FFO/accion 2003 revisado",2004-02-26,https://www.annualreports.co.uk/HostedData/AnnualReportArchive/w/NYSE_WPC_2003.pdf,"Diluted Funds From Operations (FFO) $ 2.78 ... Weighted Average Listed Shares Outstanding (Diluted) 38,008,762"
2003,deuda_total,209193000.0,actual,calculado,"calculado = Mortgage notes payable 180,193 + Notes payable 29,000",2004-03-15,https://www.annualreports.co.uk/HostedData/AnnualReportArchive/w/NYSE_WPC_2003.pdf,"Mortgage notes payable $ 180,193 $ 186,049 | Notes payable 29,000 49,000"
2003,dividendo_declarado_por_accion,1.734,actual,reportado,Item 5 informe anual 2003,2004-03-15,https://www.annualreports.co.uk/HostedData/AnnualReportArchive/w/NYSE_WPC_2003.pdf,Total: $1.7340 $1.7180 $1.7005
2003,ingresos_totales,163379000.0,actual,reportado,Total revenues (informe anual 2003),2004-03-15,https://www.annualreports.co.uk/HostedData/AnnualReportArchive/w/NYSE_WPC_2003.pdf,"Total Revenues $ 163,379"
2003,inversion_en_adquisiciones,6688000.0,actual,reportado,Compra del 22.5% de 8 inmuebles Carrefour (inversion por participacion; unica adquisicion inmobiliaria citada en 2003),2004-03-15,https://www.annualreports.co.uk/HostedData/AnnualReportArchive/w/NYSE_WPC_2003.pdf,"The expenditures included using $6,688 for the purchase of a 22.5 % interest in the Carrefour properties"
2003,propiedades,186.0,actual,calculado,calculado = 171 EE.UU. + 15 Europa (10-K FY2003 Item 1),2004-03-15,https://www.sec.gov/Archives/edgar/data/1025378/000095012304003311/y95128e10vk.txt,WPC's portfolio consisted of 171 properties in the United States and 15 properties in Europe and totaled more than 18.4 million square feet.
2004,activos_totales,1013539000.0,actual,reportado,Balance informe anual 2004 (sin cambio tras 10-K/A),2005-03-16,https://www.annualreports.co.uk/HostedData/AnnualReportArchive/w/NYSE_WPC_2004.pdf,"Total assets $1,013,539 $ 906,505"
2004,affo,135139000.0,actual,reportado,"FFO segun WPC (informe anual 2004); FFO definido por WPC (no NAREIT puro: NAREIT + suma de cargos no monetarios como impairments, rentas lineales, impuestos diferidos, amortizacion de intangibles, stock comp); es la misma serie que WPC re-etiqueto 'AFFO' en 2009 (2008 = 3.09 como FFO y como AFFO). La reexpresion de 2004 (8-K 2005-05-10 Item 4.02, error de impuestos diferidos ~$2M) subio la utilidad neta pero NO cambio el FFO: el comunicado FY2005 repite 135,139",2005-03-16,https://www.annualreports.co.uk/HostedData/AnnualReportArchive/w/NYSE_WPC_2004.pdf,"Funds from Operations (FFO)(1) $ 135,139"
2004,affo_por_accion,3.47,actual,reportado,"FFO diluido/accion (informe anual 2004). Sin comunicado 8-K para Q4-2004 y el 10-K no trae FFO: fecha = 10-K por regla (el informe anual salio ~abr-2005). El comunicado FY2005 (2006-03-02) repite 3.47 con acciones diluidas reexpresadas 38,961,748 (antes 38,904,725): sin cambio en el por-accion",2005-03-16,https://www.annualreports.co.uk/HostedData/AnnualReportArchive/w/NYSE_WPC_2004.pdf,"Diluted Funds from Operations $ 3.47 ... Weighted Average Listed Shares Outstanding (Diluted) 38,904,725"
2004,deuda_total,292698000.0,actual,calculado,"calculado = Mortgage notes payable 190,698 + Notes payable 102,000",2005-03-16,https://www.annualreports.co.uk/HostedData/AnnualReportArchive/w/NYSE_WPC_2004.pdf,"Mortgage notes payable $ 190,698 $ 180,193 | Notes payable 102,000 29,000"
2004,dividendo_declarado_por_accion,1.756,actual,reportado,Item 5 informe anual 2004,2005-03-16,https://www.annualreports.co.uk/HostedData/AnnualReportArchive/w/NYSE_WPC_2004.pdf,Total: $1.7560 $1.7340
2004,ingresos_totales,227774000.0,actual,reportado,"Total revenues (informe anual 2004; luego 222,202 en informe 2005 por discontinuadas)",2005-03-16,https://www.annualreports.co.uk/HostedData/AnnualReportArchive/w/NYSE_WPC_2004.pdf,"T otal Revenues $ 227,774"
2004,inversion_en_adquisiciones,142161000.0,actual,reportado,"Compra de participaciones en 17 inmuebles a CIP (afiliada) antes de su fusion con CPA:15; valor razonable (efectivo 115,158 + hipotecas asumidas 27,003)",2005-03-16,https://www.annualreports.co.uk/HostedData/AnnualReportArchive/w/NYSE_WPC_2004.pdf,"Prior to the Merger, the Company acquired interests in 17 properties from CIP® with a fair value of $142,161 for $115,158 in cash and the assumption of $27,003 in limited recourse mortgage notes payable"
2004,propiedades,183.0,actual,calculado,calculado = 168 EE.UU. + 15 Europa (10-K FY2004 Item 1),2005-03-16,https://www.sec.gov/Archives/edgar/data/1025378/000095012305003246/y06523e10vk.txt,"As of December 31, 2004, our portfolio consisted of 168 properties in the United States and 15 properties in Europe and totaled more than 19.4 million square feet."
2005,activos_totales,983262000.0,actual,reportado,Balance informe anual 2005,2006-03-10,https://www.annualreports.co.uk/HostedData/AnnualReportArchive/w/NYSE_WPC_2005.pdf,"Total assets 983,262 1,013,539 906,505 893,524 915,883"
2005,affo,98571000.0,actual,reportado,"FFO segun WPC, comunicado FY2005 (8-K); FFO definido por WPC (no NAREIT puro: NAREIT + suma de cargos no monetarios como impairments, rentas lineales, impuestos diferidos, amortizacion de intangibles, stock comp); es la misma serie que WPC re-etiqueto 'AFFO' en 2009 (2008 = 3.09 como FFO y como AFFO)",2006-03-02,https://www.sec.gov/Archives/edgar/data/1025378/000095012306002469/y18150exv99w1.htm,"FFO for the twelve-month period were $2.53 per diluted share, or $98.6 million, as compared to $3.47 per diluted share, or $135.1 million, for 2004."
2005,affo_por_accion,2.53,actual,reportado,"FFO diluido/accion; comunicado FY2005 (98,571/39,020,801)",2006-03-02,https://www.sec.gov/Archives/edgar/data/1025378/000095012306002469/y18150exv99w1.htm,"FFO for the twelve-month period were $2.53 per diluted share, or $98.6 million"
2005,deuda_total,246113000.0,actual,calculado,"calculado = Mortgage notes payable 226,701 + hipotecas de activos para venta 4,412 + Credit facility 15,000",2006-03-10,https://www.annualreports.co.uk/HostedData/AnnualReportArchive/w/NYSE_WPC_2005.pdf,"Mortgage notes payable $226,701 $190,698 | Mortgage notes payable on assets held for sale 4,412 — | Credit facility 15,000 102,000"
2005,dividendo_declarado_por_accion,1.79,actual,reportado,Datos seleccionados (redondeado; suma trimestral exacta .444+.446+.448+.450 = 1.788),2006-03-10,https://www.annualreports.co.uk/HostedData/AnnualReportArchive/w/NYSE_WPC_2005.pdf,Cash dividends declared per share 1.79 1.76 1.73 1.72 1.70
2005,ingresos_totales,174117000.0,actual,reportado,"Revenues (informe anual 2005; luego 168,784 en informe 2006 por discontinuadas); incluye costos reembolsados por afiliadas",2006-03-10,https://www.annualreports.co.uk/HostedData/AnnualReportArchive/w/NYSE_WPC_2005.pdf,"Revenues $ 174,117 $ 222,202 $ 154,045 $ 146,990 $ 114,994"
2005,inversion_en_adquisiciones,0.0,actual,reportado,10-K FY2005: ninguna compra para cartera propia,2006-03-10,https://www.sec.gov/Archives/edgar/data/1025378/000095012306002888/y17962e10vk.htm,We did not acquire any properties for our own portfolio in 2005.
2005,propiedades,172.0,actual,reportado,10-K FY2005 Item 1,2006-03-10,https://www.sec.gov/Archives/edgar/data/1025378/000095012306002888/y17962e10vk.htm,"As of December 31, 2005, our portfolio consisted of 172 properties leased to 110 tenants, totaling more than 17 million square feet."
2006,activos_totales,1093010000.0,actual,reportado,Balance 10-K FY2006,2007-02-27,https://www.annualreports.co.uk/HostedData/AnnualReportArchive/w/NYSE_WPC_2006.pdf,"Total assets $ 1,093,010 $ 983,262"
2006,affo,128537000.0,actual,reportado,"FFO segun WPC, comunicado FY2006; FFO definido por WPC (no NAREIT puro: NAREIT + suma de cargos no monetarios como impairments, rentas lineales, impuestos diferidos, amortizacion de intangibles, stock comp); es la misma serie que WPC re-etiqueto 'AFFO' en 2009 (2008 = 3.09 como FFO y como AFFO)",2007-02-23,https://www.sec.gov/Archives/edgar/data/1025378/000095012307002628/y30652exv99w1.htm,"For 2006, FFO was $128.5 million, compared to $98.6 million in 2005."
2006,affo_por_accion,3.29,actual,reportado,"FFO diluido/accion, comunicado FY2006 (128,537/39,093,897)",2007-02-23,https://www.sec.gov/Archives/edgar/data/1025378/000095012307002628/y30652exv99w1.htm,Diluted funds from operations per share | $3.29 | $2.53
2006,deuda_total,278653000.0,actual,calculado,"calculado = limited recourse mortgage notes 261,152 + unsecured credit facility 2,000 + secured credit facility 15,501",2007-02-27,https://www.annualreports.co.uk/HostedData/AnnualReportArchive/w/NYSE_WPC_2006.pdf,"Limited recourse mortgage notes payable $ 261,152 $ 226,701 | Unsecured credit facility 2,000 15,000 | Secured credit facility 15,501 —"
2006,dividendo_declarado_por_accion,1.82,actual,reportado,Datos seleccionados 10-K FY2006 (= .452+.454+.456+.458),2007-02-27,https://www.annualreports.co.uk/HostedData/AnnualReportArchive/w/NYSE_WPC_2006.pdf,Cash distributions declared per share 1.82 1.79 1.76 1.73 1.72
2006,ingresos_totales,273258000.0,actual,reportado,"Revenues (10-K FY2006; incluye 63,630 de costos reembolsados y 46,018 de comisiones por fusion CPA:12/14)",2007-02-27,https://www.annualreports.co.uk/HostedData/AnnualReportArchive/w/NYSE_WPC_2006.pdf,"Revenues from continuing operations(2) $  273,258 $ 168,784 $  219,552 $ 151,379 $ 144,006"
2006,inversion_en_adquisiciones,150806000.0,actual,calculado,"calculado = participaciones en 37 inmuebles compradas a CPA:12 (valor razonable 126,006) + 6 self-storage (24,800). Excluye inversion domestica 'together with an affiliate' de 10,530 (participacion propia no clara)",2007-02-27,https://www.sec.gov/Archives/edgar/data/1025378/000095012307002758/y30667e10vk.htm,"acquired interests in 37 properties from CPA®:12...with a fair value of $126,006 | 2006 — We acquired six domestic self-storage properties at a total cost of $24,800 (informe anual 2007)"
2006,ocupacion,0.96,actual,reportado,10-K FY2006 Item 1 (cartera propia),2007-02-27,https://www.sec.gov/Archives/edgar/data/1025378/000095012307002758/y30667e10vk.htm,"As of December 31, 2006, our portfolio consisted of 187 properties ... and had an occupancy rate of 96%."
2006,propiedades,187.0,actual,reportado,10-K FY2006 Item 1,2007-02-27,https://www.sec.gov/Archives/edgar/data/1025378/000095012307002758/y30667e10vk.htm,"As of December 31, 2006, our portfolio consisted of 187 properties leased to 111 tenants, totaling approximately 18 million square feet (on a pro rata basis) and had an occupancy rate of 96%."
2007,activos_totales,1153284000.0,actual,reportado,Balance 10-K FY2007,2008-02-29,https://www.annualreports.co.uk/HostedData/AnnualReportArchive/w/NYSE_WPC_2007.pdf,"Total assets ..... $1,153,284 $1,093,010"
2007,affo,133266000.0,actual,reportado,"FFO segun WPC, comunicado FY2007; FFO definido por WPC (no NAREIT puro: NAREIT + suma de cargos no monetarios como impairments, rentas lineales, impuestos diferidos, amortizacion de intangibles, stock comp); es la misma serie que WPC re-etiqueto 'AFFO' en 2009 (2008 = 3.09 como FFO y como AFFO). Incluye reserva de $30M por acuerdo con la SEC (sin ella 163.2M)",2008-02-28,https://www.sec.gov/Archives/edgar/data/1025378/000095012308002235/y50346exv99w1.htm,"FFO for 2007 was $133.3 million, or $3.34 per diluted share"
2007,affo_por_accion,3.34,actual,reportado,"FFO diluido/accion comunicado FY2007 (133,266/39,868,208); excluyendo reserva SEC = 4.09",2008-02-28,https://www.sec.gov/Archives/edgar/data/1025378/000095012308002235/y50346exv99w1.htm,"FFO for 2007 was $133.3 million, or $3.34 per diluted share ... FFO for 2007, excluding the reserve for the SEC matter, increased 27% to $163.2 million, or $4.09 per diluted share"
2007,deuda_total,316751000.0,actual,calculado,"calculado = Non-recourse debt 254,051 + Unsecured credit facility 62,700 (= long-term obligations 316,751)",2008-02-29,https://www.annualreports.co.uk/HostedData/AnnualReportArchive/w/NYSE_WPC_2007.pdf,"Non-recourse debt ..... $ 254,051 $ 276,653 | Unsecured credit facility ..... 62,700 2,000"
2007,dividendo_declarado_por_accion,1.88,actual,reportado,"Datos seleccionados 10-K FY2007, EXCLUYE especial de 0.27 (suma exacta .462+.467+.472+.477 = 1.878)",2008-02-29,https://www.annualreports.co.uk/HostedData/AnnualReportArchive/w/NYSE_WPC_2007.pdf,Cash distributions declared per share . . . 1.88(c) 1.82 1.79 1.76 1.73
2007,dividendo_especial_por_accion,0.27,actual,reportado,"Especial declarada Q4-2007 (reestructuracion corporativa), record 31-dic-2007, pagada 15-ene-2008",2008-02-28,https://www.sec.gov/Archives/edgar/data/1025378/000095012308002235/y50346exv99w1.htm,"In addition, we announced that the Board declared a special distribution of $0.27 per share. Both distributions were paid on January 15, 2008 to shareholders of record as of December 31, 2007."
2007,ingresos_totales,263129000.0,actual,reportado,Revenues from continuing operations (10-K FY2007),2008-02-29,https://www.annualreports.co.uk/HostedData/AnnualReportArchive/w/NYSE_WPC_2007.pdf,"Revenues from continuing operations(b) ................... $ 263,129 $ 267,487 $163,240 $ 214,156 $146,610"
2007,inversion_en_adquisiciones,48905000.0,actual,calculado,"calculado = inversion en Polonia 13,905 + 7 self-storage 35,000 (inmuebles consolidados). Excluye participaciones por metodo de participacion (p.ej. 33% comprado a afiliada por 25,971 en dic-2007)",2008-02-29,https://www.annualreports.co.uk/HostedData/AnnualReportArchive/w/NYSE_WPC_2007.pdf,"2007 — We acquired an investment in Poland at a total cost of $13,905 ... We also acquired seven domestic self-storage properties at a total cost of $35,000."
2007,ocupacion,0.97,actual,reportado,10-K FY2007 Item 1,2008-02-29,https://www.annualreports.co.uk/HostedData/AnnualReportArchive/w/NYSE_WPC_2007.pdf,with an occupancy rate of 97%
2007,propiedades,176.0,actual,reportado,10-K FY2007: 176 inmuebles arrendados (ademas 13 self-storage no incluidos),2008-02-29,https://www.annualreports.co.uk/HostedData/AnnualReportArchive/w/NYSE_WPC_2007.pdf,Our owned portfolio is comprised of our full or partial ownership interest in 176 commercial properties net leased to 98 tenants ... with an occupancy rate of 97%. We also own 13 domestic self-storage properties
2008,activos_totales,1111136000.0,actual,reportado,Balance 10-K FY2008,2009-03-02,https://www.annualreports.co.uk/HostedData/AnnualReportArchive/w/NYSE_WPC_2008.pdf,"Total assets..... $1,111,136 $1,153,284"
2008,affo,124450000.0,actual,reportado,"FFO segun WPC, comunicado FY2008; FFO definido por WPC (no NAREIT puro: NAREIT + suma de cargos no monetarios como impairments, rentas lineales, impuestos diferidos, amortizacion de intangibles, stock comp); es la misma serie que WPC re-etiqueto 'AFFO' en 2009 (2008 = 3.09 como FFO y como AFFO). El comunicado FY2009 lo presenta como AFFO 2008 = 124,450 (sin cambio)",2009-02-26,https://www.sec.gov/Archives/edgar/data/1025378/000095012309003507/y74780bexv99w1.htm,"FFO for 2008 was $124.5 million or $3.09 per diluted share, compared to $133.3 million or $3.34 per diluted share for 2007."
2008,affo_por_accion,3.09,actual,reportado,"FFO diluido/accion comunicado FY2008 (124,450/40,221,112); igual como 'AFFO 2008' en comunicados FY2009 y FY2010",2009-02-26,https://www.sec.gov/Archives/edgar/data/1025378/000095012309003507/y74780bexv99w1.htm,FFO for 2008 was $124.5 million or $3.09 per diluted share
2008,deuda_total,326874000.0,actual,calculado,"calculado = Non-recourse debt 245,874 + Line of credit 81,000",2009-03-02,https://www.annualreports.co.uk/HostedData/AnnualReportArchive/w/NYSE_WPC_2008.pdf,"Non-recourse debt ..... $ 245,874 $ 254,051 | Line of credit ..... 81,000 62,700"
2008,dividendo_declarado_por_accion,1.955,actual,reportado,Comunicado FY2008 ('Distributions declared per share'); datos seleccionados redondean a 1.96,2009-02-26,https://www.sec.gov/Archives/edgar/data/1025378/000095012309003507/y74780bexv99w1.htm,Distributions declared per share | $1.955
2008,ingresos_totales,243873000.0,actual,reportado,Revenues from continuing operations (10-K FY2008),2009-03-02,https://www.annualreports.co.uk/HostedData/AnnualReportArchive/w/NYSE_WPC_2008.pdf,"Revenues from continuing operations(b) .................. $ 243,873 $ 263,156 $ 267,487 $163,240 $ 214,156"
2008,inversion_en_adquisiciones,0.0,actual,reportado,10-K FY2008 nota de inmuebles,2009-03-02,https://www.annualreports.co.uk/HostedData/AnnualReportArchive/w/NYSE_WPC_2008.pdf,2008 — We did not acquire any real estate investments during 2008.
2008,ocupacion,0.94,actual,reportado,10-K FY2008 Item 1 ('approximately 94%'),2009-03-02,https://www.annualreports.co.uk/HostedData/AnnualReportArchive/w/NYSE_WPC_2008.pdf,an occupancy rate of approximately 94%
2008,propiedades,174.0,actual,reportado,10-K FY2008 Item 1,2009-03-02,https://www.annualreports.co.uk/HostedData/AnnualReportArchive/w/NYSE_WPC_2008.pdf,"Our portfolio is comprised of our full or partial ownership interest in 174 commercial properties, substantially all of which are net leased to 84 tenants, with a total of approximately 17 million square feet (on a pro rata basis) and an occupancy rate of approximately 94%."
2009,activos_totales,1093336000.0,actual,reportado,Balance 10-K FY2009,2010-02-26,https://www.annualreports.co.uk/HostedData/AnnualReportArchive/w/NYSE_WPC_2009.pdf,"Total assets $ 1,093,336  $ 1,111,136"
2009,affo,122876000.0,actual,reportado,"AFFO (Funds from operations - as adjusted), comunicado FY2009",2010-02-25,https://www.sec.gov/Archives/edgar/data/1025378/000095012310016716/c96852exv99w1.htm,"AFFO for the year ended December 31, 2009 was $122.9 million or $3.09 per diluted share, compared to $124.5 million or $3.09 per diluted share for 2008."
2009,affo_por_accion,3.09,actual,reportado,"AFFO diluido/accion comunicado FY2009 (122,876/39,712,735); igual en comunicados FY2010 y FY2011",2010-02-25,https://www.sec.gov/Archives/edgar/data/1025378/000095012310016716/c96852exv99w1.htm,"AFFO for the year ended December 31, 2009 was $122.9 million or $3.09 per diluted share"
2009,deuda_total,326330000.0,actual,calculado,"calculado = Non-recourse debt 215,330 + Line of credit 111,000",2010-02-26,https://www.annualreports.co.uk/HostedData/AnnualReportArchive/w/NYSE_WPC_2009.pdf,"Non-recourse debt  $ 215,330  $ 245,874 | Line of credit 111,000   81,000"
2009,dividendo_declarado_por_accion,2.0,actual,reportado,"Datos seleccionados 10-K FY2009, EXCLUYE especial 0.30 (suma exacta .496+.498+.500+.502 = 1.996)",2010-02-26,https://www.annualreports.co.uk/HostedData/AnnualReportArchive/w/NYSE_WPC_2009.pdf,Cash distributions declared per share 2.00 (c) 1.96 1.88 (c)  1.82  1.79
2009,dividendo_especial_por_accion,0.3,actual,reportado,"Especial Q4-2009 por aumento de renta gravable 2009; record 31-dic-2009, pagada 15-ene-2010",2010-02-25,https://www.sec.gov/Archives/edgar/data/1025378/000095012310016716/c96852exv99w1.htm,"In addition, as a result of an increase in our 2009 taxable income, the Board declared a special distribution of $0.30 per share in the fourth quarter. Both distributions were paid on January 15, 2010 to shareholders of record as of December 31, 2009."
2009,ffo,100706000.0,actual,reportado,FFO definicion NAREIT; primera publicacion hallada: comunicado FY2011 (tabla de 3 anios),2012-02-28,https://www.sec.gov/Archives/edgar/data/1025378/000119312512083532/d306983dex991.htm,"FFO — as defined by NAREIT | $27,359 | $32,464 | $30,319 | $182,664 | $115,021 | $100,706"
2009,ffo_por_accion,2.54,actual,reportado,"FFO NAREIT diluido/accion (comunicado FY2011; 100,706/39,712,735 = 2.536)",2012-02-28,https://www.sec.gov/Archives/edgar/data/1025378/000119312512083532/d306983dex991.htm,FFO — as defined by NAREIT per share (diluted) | $0.68 | $0.81 | $0.75 | $4.56 | $2.87 | $2.54
2009,ingresos_totales,235876000.0,actual,reportado,"Total ingresos estado de resultados 10-K FY2009 (incluye 48,715 costos reembolsados)",2010-02-26,https://www.annualreports.co.uk/HostedData/AnnualReportArchive/w/NYSE_WPC_2009.pdf,"Revenues from continuing operations (b) $ 235,876 $ 238,624 $ 257,956  $ 261,764  $ 157,610"
2009,inversion_en_adquisiciones,0.0,actual,reportado,10-K FY2009: cero inmuebles consolidados (no se revisaron inversiones por participacion),2010-02-26,https://www.annualreports.co.uk/HostedData/AnnualReportArchive/w/NYSE_WPC_2009.pdf,We did not acquire any consolidated real estate investments in 2009 and 2008.
2009,ocupacion,0.94,actual,reportado,10-K FY2009 Item 1,2010-02-26,https://www.annualreports.co.uk/HostedData/AnnualReportArchive/w/NYSE_WPC_2009.pdf,with an occupancy rate of approximately 94%
2009,propiedades,170.0,actual,reportado,10-K FY2009 Item 1,2010-02-26,https://www.annualreports.co.uk/HostedData/AnnualReportArchive/w/NYSE_WPC_2009.pdf,"Our portfolio was comprised of our full or partial ownership interest in 170 properties, substantially all of which were triple -net leased to 79 tenants, and totaled approximately 14 million square feet (on a pro rata basis) with an occupancy rate of approximately 94%."
2010,activos_totales,1172326000.0,actual,reportado,Balance 10-K FY2010,2011-02-25,https://www.annualreports.co.uk/HostedData/AnnualReportArchive/w/NYSE_WPC_2010.pdf,"Total assets $ 1,172,326  $ 1,093,336"
2010,affo,130870000.0,actual,reportado,"AFFO, comunicado FY2010; igual en comunicado FY2011 e informe 2012",2011-02-24,https://www.sec.gov/Archives/edgar/data/1025378/000095012311017554/c12936exv99w1.htm,"AFFO for the year ended December 31, 2010 was $130.9 million or $3.27 per diluted share, compared to $122.9 million or $3.09 per diluted share for 2009."
2010,affo_por_accion,3.27,actual,reportado,"AFFO diluido/accion (130,870/40,007,894)",2011-02-24,https://www.sec.gov/Archives/edgar/data/1025378/000095012311017554/c12936exv99w1.htm,"AFFO for the year ended December 31, 2010 was $130.9 million or $3.27 per diluted share"
2010,deuda_total,396982000.0,actual,calculado,"calculado = Non-recourse debt 255,232 + Line of credit 141,750 (= long-term obligations 396,982)",2011-02-25,https://www.annualreports.co.uk/HostedData/AnnualReportArchive/w/NYSE_WPC_2010.pdf,"Non-recourse debt (inclusive of amounts attributable to consolidated VIEs of $9,593 and $9,850, respectively) $ 255,232  $ 215,330 | Line of credit   141,750   111,000"
2010,dividendo_declarado_por_accion,2.028,actual,reportado,Financial Highlights informe anual 2010 (= .504+.506+.508+.510),2011-02-25,https://www.annualreports.co.uk/HostedData/AnnualReportArchive/w/NYSE_WPC_2010.pdf,Distributions Declared Per Share 2.028
2010,ffo,115021000.0,actual,reportado,FFO NAREIT; no aparece en comunicado FY2010; primera publicacion hallada: comunicado FY2011 (confirmado en informe anual 2012),2012-02-28,https://www.sec.gov/Archives/edgar/data/1025378/000119312512083532/d306983dex991.htm,"FFO — as defined by NAREIT | $27,359 | $32,464 | $30,319 | $182,664 | $115,021 | $100,706"
2010,ffo_por_accion,2.87,actual,reportado,"FFO NAREIT diluido/accion (comunicado FY2011; 115,021/40,007,894 = 2.875)",2012-02-28,https://www.sec.gov/Archives/edgar/data/1025378/000119312512083532/d306983dex991.htm,FFO — as defined by NAREIT per share (diluted) | $0.68 | $0.81 | $0.75 | $4.56 | $2.87 | $2.54
2010,ingresos_totales,273910000.0,actual,reportado,"Total ingresos estado de resultados 10-K FY2010 (incluye 60,023 costos reembolsados; neto = 213,887)",2011-02-25,https://www.annualreports.co.uk/HostedData/AnnualReportArchive/w/NYSE_WPC_2010.pdf,"Revenues from continuing operations (b) $ 273,910 $ 232,350 $ 234,700 $ 253,867 $ 259,010"
2010,inversion_en_adquisiciones,88600000.0,actual,reportado,"'New investments – WPC – consolidated' (informe anual 2012, tabla de datos operativos). El 10-K FY2010 detalla 47.6M (inversion domestica feb-2010) y 27.2M (Espana, 70% propio)",2013-02-26,https://www.annualreports.co.uk/HostedData/AnnualReportArchive/w/NYSE_WPC_2012.pdf,New investments – WPC – consolidated ($ millions)(d) 24.6 — 88.6
2010,ocupacion,0.89,actual,reportado,10-K FY2010 Item 1,2011-02-25,https://www.annualreports.co.uk/HostedData/AnnualReportArchive/w/NYSE_WPC_2010.pdf,with an occupancy rate of approximately 89%
2010,propiedades,164.0,actual,reportado,10-K FY2010 Item 1 (el informe 2012 muestra 163 net-leased + 22 operativos para 2010),2011-02-25,https://www.annualreports.co.uk/HostedData/AnnualReportArchive/w/NYSE_WPC_2010.pdf,"portfolio was comprised of our full or partial ownership interest in 164 properties, substantially all of which were triple-net leased to 75 tenants, and totaled approximately 14 million square feet (on a pro rata basis) with an occupancy rate of approximately 89%."
2011,activos_totales,1462623000.0,actual,reportado,Balance 10-K FY2011 (XBRL R2),2012-02-29,https://www.sec.gov/Archives/edgar/data/1025378/000119312512087610/R2.htm,"Total assets | $1,462,623 | $1,172,326"
2011,affo,188853000.0,actual,reportado,"AFFO, comunicado FY2011 (consolidado; tambien por segmentos IM 101,643 / REO 87,210)",2012-02-28,https://www.sec.gov/Archives/edgar/data/1025378/000119312512083532/d306983dex991.htm,"AFFO for the year ended December 31, 2011 was $188.9 million or $4.71 per diluted share, compared to $130.9 million or $3.27 per diluted share for 2010."
2011,affo_por_accion,4.71,actual,reportado,"AFFO diluido/accion (188,853/40,098,095); incluye ingresos no recurrentes por fusion CPA:14/16",2012-02-28,https://www.sec.gov/Archives/edgar/data/1025378/000119312512083532/d306983dex991.htm,AFFO per share (diluted) | $0.88 | $0.90 | $0.83 | $4.71 | $3.27 | $3.09
2011,deuda_total,589369000.0,actual,calculado,"calculado = Non-recourse and limited-recourse debt 356,209 + Line of credit 233,160 (= long-term obligations 589,369 del informe 2012)",2012-02-29,https://www.sec.gov/Archives/edgar/data/1025378/000119312512087610/R2.htm,"Non-recourse and limited-recourse debt | $356,209 | $255,232 ; Line Of Credit | $233,160 | $141,750"
2011,dividendo_declarado_por_accion,2.185,actual,reportado,Comunicado FY2011 (= .512+.550+.560+.563); datos seleccionados redondean a 2.19,2012-02-28,https://www.sec.gov/Archives/edgar/data/1025378/000119312512083532/d306983dex991.htm,"distributions declared per share for the year ended December 31, 2011 totaled $2.185 per share"
2011,ffo,182664000.0,actual,reportado,FFO NAREIT (comunicado FY2011; igual en informe anual 2012),2012-02-28,https://www.sec.gov/Archives/edgar/data/1025378/000119312512083532/d306983dex991.htm,"FFO — as defined by NAREIT | $27,359 | $32,464 | $30,319 | $182,664 | $115,021 | $100,706"
2011,ffo_por_accion,4.56,actual,reportado,"FFO NAREIT diluido/accion (182,664/40,098,095 = 4.555)",2012-02-28,https://www.sec.gov/Archives/edgar/data/1025378/000119312512083532/d306983dex991.htm,FFO — as defined by NAREIT per share (diluted) | $0.68 | $0.81 | $0.75 | $4.56 | $2.87 | $2.54
2011,ingresos_totales,336409000.0,actual,reportado,"Revenues total estado de resultados 10-K FY2011 (XBRL R4; incluye 64,829 reembolsados; neto 271,580). El informe 2012 lo reexpresa a 327,784",2012-02-29,https://www.sec.gov/Archives/edgar/data/1025378/000119312512087610/R4.htm,"Revenues, Total | $336,409 | $269,854 | $228,381"
2011,inversion_en_adquisiciones,119400000.0,actual,reportado,Compra a CPA:14 (afiliada) de las participaciones restantes en 3 inmuebles con la fusion CPA:14/16 (mayo-2011). La metrica 'New investments – WPC – consolidated' de 2011 muestra '—',2013-02-26,https://www.annualreports.co.uk/HostedData/AnnualReportArchive/w/NYSE_WPC_2012.pdf,"Amounts as of December 31, 2011 reflect the acquisition of the remaining interests in three properties from CPA®:14 in connection with the CPA®:14/16 Merger in May 2011 for approximately $119.4 million (Note 4)."
2011,ocupacion,0.93,actual,reportado,10-K FY2011 Item 1 (informe 2012: 93.0%),2012-02-29,https://www.sec.gov/Archives/edgar/data/1025378/000119312512087610/d306851d10k.htm,with an occupancy rate of approximately 93%
2011,propiedades,157.0,actual,reportado,10-K FY2011 Item 1,2012-02-29,https://www.sec.gov/Archives/edgar/data/1025378/000119312512087610/d306851d10k.htm,"our full or partial ownership interest in 157 properties, substantially all of which were triple-net leased to 73 tenants, and totaled approximately 13 million square feet (on a pro rata basis) with an occupancy rate of approximately 93%."
2012,activos_totales,4609042000.0,actual,reportado,"Balance consolidado del 10-K FY2012 (presentado 26-feb-2013), en miles; el comparativo 2011 (1,462,623) coincide con la cifra de 2011",2013-02-26,https://www.sec.gov/Archives/edgar/data/1025378/000110465913014285/R2.htm,"""Total assets"" Dec. 31, 2012: $4,609,042 | Dec. 31, 2011: $1,462,623"
2012,affo,180631000.0,actual,reportado,AFFO atribuible a WPC (tabla en miles; convertido x1000). Cotejado: el comparativo 2012 del comunicado FY2013 (2014-03-03) muestra las mismas cifras.,2013-02-26,https://www.sec.gov/Archives/edgar/data/1025378/000110465913014150/a13-5870_2ex99d1.htm,"Conciliación, años terminados 31-dic: ""AFFO"" 2012: $180,631; per diluted share 2012: $3.76"
2012,affo_por_accion,3.76,actual,reportado,"AFFO por acción diluida, comunicado anual. Cotejado: el comparativo 2012 del comunicado FY2013 (2014-03-03) muestra las mismas cifras.",2013-02-26,https://www.sec.gov/Archives/edgar/data/1025378/000110465913014150/a13-5870_2ex99d1.htm,"Conciliación, años terminados 31-dic: ""AFFO"" 2012: $180,631; per diluted share 2012: $3.76 | Texto: ""AFFO for the year ended December 31, 2012 was $180.6 million or $3.76 per diluted share"""
2012,deuda_neta_ebitda_no_anualizada,6.71,actual,reportado,"NO COMPARABLE: la nota del suplemento FY2012 dice que el EBITDA combina 9 meses pre-fusión de WPC y 3 meses post-fusión CPA:15, contra la deuda de fin de año que ya incluye la de CPA:15; no es un EBITDA anualizado. Un año después, con CPA:15 completo, fue 4.8x. Es 'net debt to adjusted EBITDA' tal como lo reporta WPC",2013-02-26,https://www.sec.gov/Archives/edgar/data/1025378/000110465913014159/a13-5870_1ex99d1.htm,"""Net Debt to Pro Rata Adjusted EBITDA (c)"" 6.71"
2012,deuda_total,1968397000.0,actual,calculado,"calculado = Non-recourse debt 1,715,397 + Senior credit facility 253,000 (balance del 10-K FY2012, en miles); el mismo cálculo para 2011 da 589,369, igual que la cifra de 2011",2013-02-26,https://www.sec.gov/Archives/edgar/data/1025378/000110465913014285/R2.htm,"""Non-recourse debt (inclusive of amounts attributable to consolidated VIEs of $30,326 and $14,261, respectively)"" Dec. 31, 2012: $1,715,397 | ""Senior credit facility"" Dec. 31, 2012: $253,000"
2012,disposiciones,73204000.0,actual,reportado,PROXY: flujo de caja 'Proceeds from sale of real estate' 2012 (miles x1000); el comunicado no da un total de disposiciones brutas,2013-02-26,https://www.sec.gov/Archives/edgar/data/1025378/000110465913014150/a13-5870_2ex99d1.htm,"Estado de flujos de efectivo, años terminados 31-dic: ""Proceeds from sale of real estate"" 2012: $73,204; 2011: $12,516"
2012,dividendo_declarado_por_accion,2.442,actual,calculado,Suma de los 4 trimestres declarados (0.565+0.567+0.650+0.660) de la nota de datos trimestrales del 10-K FY2012 (XBRL R27); no hallé total anual reportado en el comunicado,2013-02-26,https://www.sec.gov/Archives/edgar/data/1025378/000110465913014285/R27.htm,"Selected Quarterly Financial Data 2012: ""Distributions declared per share"" Q1 $0.565, Q2 $0.567, Q3 $0.650, Q4 $0.660"
2012,ffo,118560000.0,actual,reportado,FFO Nareit atribuible a WPC (tabla en miles; convertido x1000). Cotejado: el comparativo 2012 del comunicado FY2013 (2014-03-03) muestra las mismas cifras.,2013-02-26,https://www.sec.gov/Archives/edgar/data/1025378/000110465913014150/a13-5870_2ex99d1.htm,"Conciliación, años terminados 31-dic: ""FFO — as defined by NAREIT"" 2012: $118,560; per diluted share 2012: $2.47 (diluted weighted-average shares 48,078,474)"
2012,ffo_por_accion,2.47,actual,reportado,"FFO Nareit por acción diluida, comunicado anual. Cotejado: el comparativo 2012 del comunicado FY2013 (2014-03-03) muestra las mismas cifras.",2013-02-26,https://www.sec.gov/Archives/edgar/data/1025378/000110465913014150/a13-5870_2ex99d1.htm,"Conciliación, años terminados 31-dic: ""FFO — as defined by NAREIT"" 2012: $118,560; per diluted share 2012: $2.47 (diluted weighted-average shares 48,078,474)"
2012,ingresos_totales,373995000.0,actual,reportado,Ingresos totales 2012 tal como se reportaron originalmente (10-K FY2012 y comunicado),2013-02-26,https://www.sec.gov/Archives/edgar/data/1025378/000110465913014285/R4.htm,"10-K FY2012, Consolidated Statements of Income: ""Revenues, Total"" 12 Months Ended Dec. 31, 2012: $373,995 (miles) | Comunicado FY2012 tabla: Total Revenues 2012 $373,995"
2012,ingresos_totales_reexpresado,352361000.0,actual,reportado,"REEXPRESADO: comparativo 2012 en el 10-K FY2013 (reclasificación posterior); original $373,995 miles",2014-03-03,https://www.sec.gov/Archives/edgar/data/1025378/000102537814000013/R4.htm,"10-K FY2013, Consolidated Statement of Income: ""Total revenues"" Dec. 31, 2012: $352,361 (miles)"
2012,inversion_en_adquisiciones,152000000.0,actual,reportado,Adquisiciones completadas en el año (aprox.); incluye la participación restante en 12 hoteles Marriott Courtyard y 5 Walgreens,2013-02-26,https://www.sec.gov/Archives/edgar/data/1025378/000110465913014150/a13-5870_2ex99d1.htm,"""During the year we completed acquisitions totaling approximately $152 million, including the remaining interest in an existing portfolio of 12 Marriott Courtyard hotels and five Walgreens retail stores."""
2012,ocupacion,0.987,actual,reportado,Suplemento FY2012: Occupancy WPC 98.7% (misma cifra en el comunicado),2013-02-26,https://www.sec.gov/Archives/edgar/data/1025378/000110465913014150/a13-5870_2ex99d1.htm,"""...the occupancy rate is approximately 98.7%."" | Suplemento: ""Number of Properties (j)"" WPC 423; ""Occupancy"" WPC 98.7%"
2012,propiedades,423.0,actual,reportado,Cartera propia WPC (tras fusión CPA:15); el comunicado dice 'currently' (feb-2013); el suplemento da 423 a 31-dic-2012,2013-02-26,https://www.sec.gov/Archives/edgar/data/1025378/000110465913014150/a13-5870_2ex99d1.htm,"""The W. P. Carey owned portfolio currently consists of 423 properties comprising 38.5 million square feet leased to more than 120 corporate tenants. The average lease term of the portfolio is 8.9 years and the occupancy rate is approximately 98.7%."""
2013,affo,294151000.0,actual,reportado,AFFO atribuible a WPC (tabla en miles; convertido x1000). Cotejado: el comparativo 2013 del comunicado FY2014 (2015-02-24) muestra las mismas cifras.,2014-03-03,https://www.sec.gov/Archives/edgar/data/1025378/000102537814000012/wpc2013q48-kerexh991.htm,"Conciliación, años terminados 31-dic: ""AFFO"" 2013: $294,151; per diluted share 2013: $4.22"
2013,affo_por_accion,4.22,actual,reportado,"AFFO por acción diluida, comunicado anual. Cotejado: el comparativo 2013 del comunicado FY2014 (2015-02-24) muestra las mismas cifras.",2014-03-03,https://www.sec.gov/Archives/edgar/data/1025378/000102537814000012/wpc2013q48-kerexh991.htm,"Conciliación, años terminados 31-dic: ""AFFO"" 2013: $294,151; per diluted share 2013: $4.22 | Texto: ""For the 2013 full year, AFFO was $294.2 million, or $4.22 per diluted share"""
2013,deuda_neta_ebitdare_proforma,4.8,actual,reportado,"Suplemento FY2013, WPC antes de cerrar la fusión CPA:16. Es 'net debt to adjusted EBITDA' tal como lo reporta WPC, no EBITDAre Nareit",2014-03-03,https://www.sec.gov/Archives/edgar/data/1025378/000102537814000012/wpc2013q48-ksupplementalex.htm,"""Net debt to adjusted EBITDA"" 4.8 (as of December 31, 2013)"
2013,disposiciones,175600000.0,actual,reportado,Ventas 2013 (28 propiedades),2014-03-03,https://www.sec.gov/Archives/edgar/data/1025378/000102537814000012/wpc2013q48-kerexh991.htm,"""For the 2013 full year, the Company sold 28 properties for total proceeds of $175.6 million."""
2013,dividendo_declarado_con_especial_por_accion,3.5,actual,reportado,Total declarado 2013 según comparativo del comunicado FY2014; INCLUYE dividendo especial de $0.11 declarado en 4T-2013,2015-02-24,https://www.sec.gov/Archives/edgar/data/1025378/000102537815000006/wpc2014q48-kerexh991.htm,"""Dividends declared during 2014 totaled $3.685 per share, an increase of 5.3% compared to total dividends declared during 2013 of $3.500 per share."""
2013,dividendo_declarado_por_accion,3.39,actual,calculado,Solo regulares: 0.820+0.840+0.860+0.870 (4T regular $0.87; el 10-K muestra 4T $0.980 = 0.87 regular + 0.11 especial),2014-03-03,https://www.sec.gov/Archives/edgar/data/1025378/000102537814000013/R27.htm,"Selected Quarterly Financial Data 2013: ""Distributions declared per share"" Q1 $0.820, Q2 $0.840, Q3 $0.860, Q4 $0.980 | Comunicado FY2013: ""the W. P. Carey Board of Directors raised the quarterly cash dividend to $0.87 per share for the fourth quarter of 2013"""
2013,dividendo_especial_por_accion,0.11,actual,reportado,Dividendo especial declarado en 4T-2013 (pagado 15-ene-2014); excluido del regular,2014-03-03,https://www.sec.gov/Archives/edgar/data/1025378/000102537814000012/wpc2013q48-kerexh991.htm,"""Declared a special distribution of $0.11 per share in the fourth quarter"""
2013,ffo,193966000.0,actual,reportado,FFO Nareit atribuible a WPC (tabla en miles; convertido x1000). Cotejado: el comparativo 2013 del comunicado FY2014 (2015-02-24) muestra las mismas cifras.,2014-03-03,https://www.sec.gov/Archives/edgar/data/1025378/000102537814000012/wpc2013q48-kerexh991.htm,"Conciliación, años terminados 31-dic: ""FFO (as defined by NAREIT)"" 2013: $193,966; per diluted share 2013: $2.78 (diluted weighted-average shares 69,708,008)"
2013,ffo_por_accion,2.78,actual,reportado,"FFO Nareit por acción diluida, comunicado anual. Cotejado: el comparativo 2013 del comunicado FY2014 (2015-02-24) muestra las mismas cifras.",2014-03-03,https://www.sec.gov/Archives/edgar/data/1025378/000102537814000012/wpc2013q48-kerexh991.htm,"Conciliación, años terminados 31-dic: ""FFO (as defined by NAREIT)"" 2013: $193,966; per diluted share 2013: $2.78 (diluted weighted-average shares 69,708,008)"
2013,ingresos_totales,489851000.0,actual,reportado,Ingresos totales 2013 (10-K FY2013); igual en comparativo del comunicado FY2014,2014-03-03,https://www.sec.gov/Archives/edgar/data/1025378/000102537814000013/R4.htm,"10-K FY2013, Consolidated Statement of Income: ""Total revenues"" Dec. 31, 2013: $489,851 (miles)"
2013,inversion_en_adquisiciones,347100000.0,actual,reportado,"Adquisiciones de la cartera propia (7 propiedades) en 2013; bajo el encabezado 'During 2013, the Company:'",2014-03-03,https://www.sec.gov/Archives/edgar/data/1025378/000102537814000012/wpc2013q48-kerexh991.htm,"""During 2013, the Company:"" ... ""Acquired seven properties for a total of $347.1 million"""
2013,ocupacion,0.983,actual,reportado,Combined Company pro forma WPC+CPA:16 a 31-dic-2013 (footnote n: excluye propiedades operativas). Comunicado: 98.4% al 31-ene-2014,2014-03-03,https://www.sec.gov/Archives/edgar/data/1025378/000102537814000012/wpc2013q48-ksupplementalex.htm,"""Combined Company"" ""Occupancy (n)"" 98.3% | Comunicado: ""the average lease term of the combined portfolio was 8.9 years and the occupancy rate was 98.4%."""
2013,propiedades,708.0,actual,reportado,"OJO: 'Combined Company' pro forma WPC+CPA:16 a 31-dic-2013 (fusión cerrada 31-ene-2014), solo propiedades arrendadas (hay 4 operativas). El comunicado FY2013 da 702 propiedades arrendadas y 98.4% al 31-ene-2014. No hallé la cifra WPC sola a 31-dic-2013",2014-03-03,https://www.sec.gov/Archives/edgar/data/1025378/000102537814000012/wpc2013q48-ksupplementalex.htm,"Tabla de cartera a 31-dic-2013, columna ""Combined Company"": ""Number of leased properties"" 708; ""Occupancy"" 98.3% | Comunicado: ""the W. P. Carey owned portfolio consisted primarily of 702 leased properties, comprising 83.6 million square feet leased to 232 tenants"" (as of January 31, 2014)"
2014,affo,480466000.0,actual,reportado,AFFO atribuible a WPC (tabla en miles; convertido x1000). Cotejado: el comparativo 2014 del comunicado FY2015 (2016-02-25) muestra las mismas cifras.,2015-02-24,https://www.sec.gov/Archives/edgar/data/1025378/000102537815000006/wpc2014q48-kerexh991.htm,"Conciliación, años terminados 31-dic: ""AFFO"" 2014: $480,466; per diluted share 2014: $4.81"
2014,affo_por_accion,4.81,actual,reportado,"AFFO por acción diluida, comunicado anual. Cotejado: el comparativo 2014 del comunicado FY2015 (2016-02-25) muestra las mismas cifras.",2015-02-24,https://www.sec.gov/Archives/edgar/data/1025378/000102537815000006/wpc2014q48-kerexh991.htm,"Conciliación, años terminados 31-dic: ""AFFO"" 2014: $480,466; per diluted share 2014: $4.81 | Texto: ""2014 AFFO of $480.5 million, equivalent to $4.81 per diluted share"""
2014,cap_rate_adquisicion,0.0707,actual,reportado,"Presentación Investor Day 2015, lámina '2014 Capital Recycling Results', columna Acquired: 10 adquisiciones por $930.1 MM (8-K Ex. 99.1)",2015-05-28,https://www.sec.gov/Archives/edgar/data/1025378/000110465915041623/a15-12898_1ex99d1.htm,2014 Capital Recycling Results ... Sold Acquired Change ... Number of Deals 34 10 (24) ... Annual Rent $25.5 MM $65.7 MM $40.2 MM ... Sale / Purchase Price $339.7 MM $930.1 MM $590.4 MM ... Cap Rate 7.51% 7.07% (0.44%)
2014,deuda_neta_ebitdare_proforma,5.2,actual,reportado,"Suplemento 4T-2014, EBITDA anualizado pro rata. Es 'net debt to adjusted EBITDA' tal como lo reporta WPC, no EBITDAre Nareit",2015-02-24,https://www.sec.gov/Archives/edgar/data/1025378/000102537815000006/wpc2014q48-ksupplementalex.htm,"""Pro rata net debt to adjusted EBITDA (annualized) (b): 5.2x"""
2014,disposiciones,303600000.0,actual,reportado,"Disposiciones 2014, incluye costos y comisiones de transacción",2015-02-24,https://www.sec.gov/Archives/edgar/data/1025378/000102537815000006/wpc2014q48-kerexh991.htm,"""during the 2014 fourth quarter, the Company disposed of eight properties for $4.9 million, bringing total dispositions for the 2014 full year to $303.6 million, including transaction-related costs and fees."""
2014,dividendo_declarado_por_accion,3.685,actual,reportado,Dividendos regulares declarados en el año. El comunicado FY2015 lo redondea a $3.69. Suma trimestral 0.895+0.90+0.94+0.95=3.685,2015-02-24,https://www.sec.gov/Archives/edgar/data/1025378/000102537815000006/wpc2014q48-kerexh991.htm,"""Dividends declared during 2014 totaled $3.685 per share, an increase of 5.3% compared to total dividends declared during 2013 of $3.500 per share."""
2014,ffo,455079000.0,actual,reportado,FFO Nareit atribuible a WPC (tabla en miles; convertido x1000). Cotejado: el comparativo 2014 del comunicado FY2015 (2016-02-25) muestra las mismas cifras.,2015-02-24,https://www.sec.gov/Archives/edgar/data/1025378/000102537815000006/wpc2014q48-kerexh991.htm,"Conciliación, años terminados 31-dic: ""FFO (as defined by NAREIT)"" 2014: $455,079; per diluted share 2014: $4.56 (diluted weighted-average shares 99,827,356)"
2014,ffo_por_accion,4.56,actual,reportado,"FFO Nareit por acción diluida, comunicado anual. Cotejado: el comparativo 2014 del comunicado FY2015 (2016-02-25) muestra las mismas cifras.",2015-02-24,https://www.sec.gov/Archives/edgar/data/1025378/000102537815000006/wpc2014q48-kerexh991.htm,"Conciliación, años terminados 31-dic: ""FFO (as defined by NAREIT)"" 2014: $455,079; per diluted share 2014: $4.56 (diluted weighted-average shares 99,827,356)"
2014,ingresos_totales,906193000.0,actual,reportado,"Ingresos totales 2014 según comunicado FY2014 (reexpresado después, ver fila 2014 con fecha 2016-02-25)",2015-02-24,https://www.sec.gov/Archives/edgar/data/1025378/000102537815000006/wpc2014q48-kerexh991.htm,"Tabla años: Total Revenues 2014 $906,193 (miles) | ""2014 gross revenues of $906.2 million and revenues excluding reimbursable expenses of $751.1 million"""
2014,ingresos_totales_reexpresado,908446000.0,actual,reportado,"REEXPRESADO: comparativo 2014 en el comunicado FY2015; original $906,193 miles",2016-02-25,https://www.sec.gov/Archives/edgar/data/1025378/000102537816000058/wpc2015q48-kerexh991.htm,"Estado de resultados, años: Total Revenues 2014 $908,446 (miles)"
2014,inversion_en_adquisiciones,906900000.0,actual,reportado,Volumen de inversión de la cartera propia 2014 (el comunicado reporta aparte la inversión para los Managed REITs),2015-02-24,https://www.sec.gov/Archives/edgar/data/1025378/000102537815000006/wpc2014q48-kerexh991.htm,"""Completed six acquisitions totaling $653.3 million for the Company's owned real estate portfolio during the fourth quarter, bringing total investment volume for 2014 to $906.9 million"""
2014,ocupacion,0.986,actual,reportado,Ocupación cartera net lease a fin de año,2015-02-24,https://www.sec.gov/Archives/edgar/data/1025378/000102537815000006/wpc2014q48-ksupplementalex.htm,"Suplemento: ""Number of net-leased properties: 783""; ""Occupancy – net-leased properties (l): 98.6%"""
2014,propiedades,783.0,actual,reportado,Propiedades en arrendamiento neto a fin de año (excluye operativas),2015-02-24,https://www.sec.gov/Archives/edgar/data/1025378/000102537815000006/wpc2014q48-kerexh991.htm,"""As of December 31, 2014, the Company's owned real estate portfolio consisted of 783 net-leased properties, comprising 87.3 million square feet leased to 219 tenants, and four operating properties."""
2015,affo,531202000.0,actual,reportado,AFFO atribuible a WPC (tabla en miles; convertido x1000). Cotejado: el comparativo 2015 del comunicado FY2016 (2017-02-23) muestra las mismas cifras.,2016-02-25,https://www.sec.gov/Archives/edgar/data/1025378/000102537816000058/wpc2015q48-kerexh991.htm,"Conciliación, años terminados 31-dic: ""AFFO attributable to W. P. Carey"" 2015: $531,202; per diluted share 2015: $4.99"
2015,affo_por_accion,4.99,actual,reportado,"AFFO por acción diluida, comunicado anual. Cotejado: el comparativo 2015 del comunicado FY2016 (2017-02-23) muestra las mismas cifras.",2016-02-25,https://www.sec.gov/Archives/edgar/data/1025378/000102537816000058/wpc2015q48-kerexh991.htm,"Conciliación, años terminados 31-dic: ""AFFO attributable to W. P. Carey"" 2015: $531,202; per diluted share 2015: $4.99"
2015,cap_rate_adquisicion,0.07,actual,reportado,"Informe Anual 2015, carta a inversionistas (PDF en sitio IR del emisor, no presentado en EDGAR; fecha aprox. según metadatos del PDF, igual al DEF 14A 2016)",2016-04-28,https://s29.q4cdn.com/223055717/files/doc_financials/2015/AR/2015-Annual-Report.pdf,"we made investments for our owned real estate portfolio totaling $689 million in 2015. The majority were in Europe, given the favorable market conditions for net lease investments; and with a weighted-average initial cap rate of approximately 7%, we believe they will provide healthy long-term investment returns."
2015,deuda_neta_ebitdare_proforma,5.5,actual,reportado,"Suplemento 4T-2015, EBITDA anualizado pro rata. Es 'net debt to adjusted EBITDA' tal como lo reporta WPC, no EBITDAre Nareit",2016-02-25,https://www.sec.gov/Archives/edgar/data/1025378/000102537816000058/wpc2015q48-ksupplementalex.htm,"""Pro rata net debt to adjusted EBITDA (annualized) (b) (c)    5.5x"""
2015,disposiciones,38500000.0,actual,reportado,Disposiciones 2015,2016-02-25,https://www.sec.gov/Archives/edgar/data/1025378/000102537816000058/wpc2015q48-kerexh991.htm,"""bringing total dispositions for the year ended December 31, 2015 to $38.5 million"""
2015,dividendo_declarado_por_accion,3.83,actual,reportado,Dividendos regulares declarados en el año. Suma trimestral exacta 0.9525+0.954+0.955+0.9646=3.8261,2016-02-25,https://www.sec.gov/Archives/edgar/data/1025378/000102537816000058/wpc2015q48-kerexh991.htm,"""Dividends declared during 2015 totaled $3.83 per share, an increase of 3.8% compared to dividends declared during 2014 of $3.69 per share."""
2015,ffo,463667000.0,actual,reportado,FFO Nareit atribuible a WPC (tabla en miles; convertido x1000). Cotejado: el comparativo 2015 del comunicado FY2016 (2017-02-23) muestra las mismas cifras.,2016-02-25,https://www.sec.gov/Archives/edgar/data/1025378/000102537816000058/wpc2015q48-kerexh991.htm,"Conciliación, años terminados 31-dic: ""FFO attributable to W. P. Carey (as defined by NAREIT)"" 2015: $463,667; per diluted share 2015: $4.35 (diluted weighted-average shares 106,507,652)"
2015,ffo_por_accion,4.35,actual,reportado,"FFO Nareit por acción diluida, comunicado anual. Cotejado: el comparativo 2015 del comunicado FY2016 (2017-02-23) muestra las mismas cifras.",2016-02-25,https://www.sec.gov/Archives/edgar/data/1025378/000102537816000058/wpc2015q48-kerexh991.htm,"Conciliación, años terminados 31-dic: ""FFO attributable to W. P. Carey (as defined by NAREIT)"" 2015: $463,667; per diluted share 2015: $4.35 (diluted weighted-average shares 106,507,652)"
2015,ingresos_totales,938383000.0,actual,reportado,Ingresos totales 2015; igual en comparativo FY2016,2016-02-25,https://www.sec.gov/Archives/edgar/data/1025378/000102537816000058/wpc2015q48-kerexh991.htm,"Estado de resultados, años: Total Revenues 2015 $938,383 (miles)"
2015,inversion_en_adquisiciones,688700000.0,actual,reportado,"Volumen de inversión 2015, incluye costos y comisiones de transacción",2016-02-25,https://www.sec.gov/Archives/edgar/data/1025378/000102537816000058/wpc2015q48-kerexh991.htm,"""bringing total investment volume for the year ended December 31, 2015 to $688.7 million, including transaction-related costs and fees"""
2015,ocupacion,0.988,actual,reportado,Ocupación cartera net lease a fin de año,2016-02-25,https://www.sec.gov/Archives/edgar/data/1025378/000102537816000058/wpc2015q48-ksupplementalex.htm,"Suplemento: ""Occupancy – net-leased properties (l)"" 98.8%"
2015,propiedades,869.0,actual,reportado,Propiedades en arrendamiento neto a fin de año (excluye operativas),2016-02-25,https://www.sec.gov/Archives/edgar/data/1025378/000102537816000058/wpc2015q48-kerexh991.htm,"Comunicado: ""869 net lease properties, comprising 90.1 million square feet leased to 222 tenants and three operating properties"" | Suplemento: ""Number of net-leased properties"" 869"
2016,affo,547697000.0,actual,reportado,AFFO atribuible a WPC (tabla en miles; convertido x1000). Cotejado: el comparativo 2016 del comunicado FY2017 (2018-02-23) muestra las mismas cifras.,2017-02-23,https://www.sec.gov/Archives/edgar/data/1025378/000102537817000011/wpc2016q48-kerexh991.htm,"Conciliación, años terminados 31-dic: ""AFFO attributable to W. P. Carey"" 2016: $547,697; per diluted share 2016: $5.12"
2016,affo_por_accion,5.12,actual,reportado,"AFFO por acción diluida, comunicado anual. Cotejado: el comparativo 2016 del comunicado FY2017 (2018-02-23) muestra las mismas cifras.",2017-02-23,https://www.sec.gov/Archives/edgar/data/1025378/000102537817000011/wpc2016q48-kerexh991.htm,"Conciliación, años terminados 31-dic: ""AFFO attributable to W. P. Carey"" 2016: $547,697; per diluted share 2016: $5.12"
2016,deuda_neta_ebitdare_proforma,5.8,actual,reportado,"Suplemento 4T-2016, EBITDA anualizado pro rata. Es 'net debt to adjusted EBITDA' tal como lo reporta WPC, no EBITDAre Nareit",2017-02-23,https://www.sec.gov/Archives/edgar/data/1025378/000102537817000011/wpc2016q48-ksupplementalex.htm,"""Pro rata net debt to adjusted EBITDA (annualized)"" = 5.8x"
2016,disposiciones,636100000.0,actual,reportado,"Disposiciones 2016, antes de costos de transacción",2017-02-23,https://www.sec.gov/Archives/edgar/data/1025378/000102537817000011/wpc2016q48-kerexh991.htm,"""bringing total dispositions for the year ended December 31, 2016 to $636.1 million, before transaction-related costs and fees."""
2016,dividendo_declarado_por_accion,3.93,actual,reportado,Dividendos regulares declarados en el año. Suma trimestral exacta 0.9742+0.98+0.985+0.99=3.9292; comparativo FY2017 = $3.93,2017-02-23,https://www.sec.gov/Archives/edgar/data/1025378/000102537817000011/wpc2016q48-kerexh991.htm,"""Dividends declared during 2016 totaled $3.93 per share, an increase of 2.6% compared to total dividends declared during 2015 of $3.83 per share."""
2016,ffo,519882000.0,actual,reportado,FFO Nareit atribuible a WPC (tabla en miles; convertido x1000). Cotejado: el comparativo 2016 del comunicado FY2017 (2018-02-23) muestra las mismas cifras.,2017-02-23,https://www.sec.gov/Archives/edgar/data/1025378/000102537817000011/wpc2016q48-kerexh991.htm,"Conciliación, años terminados 31-dic: ""FFO attributable to W. P. Carey (as defined by NAREIT)"" 2016: $519,882; per diluted share 2016: $4.86 (diluted weighted-average shares 107,073,203)"
2016,ffo_por_accion,4.86,actual,reportado,"FFO Nareit por acción diluida, comunicado anual. Cotejado: el comparativo 2016 del comunicado FY2017 (2018-02-23) muestra las mismas cifras.",2017-02-23,https://www.sec.gov/Archives/edgar/data/1025378/000102537817000011/wpc2016q48-kerexh991.htm,"Conciliación, años terminados 31-dic: ""FFO attributable to W. P. Carey (as defined by NAREIT)"" 2016: $519,882; per diluted share 2016: $4.86 (diluted weighted-average shares 107,073,203)"
2016,ingresos_totales,941533000.0,actual,reportado,Ingresos totales 2016; igual en comparativo FY2017,2017-02-23,https://www.sec.gov/Archives/edgar/data/1025378/000102537817000011/wpc2016q48-kerexh991.htm,"Estado de resultados, años: Total Revenues 2016 $941,533 (miles)"
2016,inversion_en_adquisiciones,544100000.0,actual,reportado,"Volumen de inversión 2016, incluye costos y comisiones de transacción",2017-02-23,https://www.sec.gov/Archives/edgar/data/1025378/000102537817000011/wpc2016q48-kerexh991.htm,"""bringing total investment volume for the year ended December 31, 2016 to $544.1 million, including transaction-related costs and fees."""
2016,ocupacion,0.991,actual,reportado,Ocupación cartera net lease a fin de año,2017-02-23,https://www.sec.gov/Archives/edgar/data/1025378/000102537817000011/wpc2016q48-kerexh991.htm,"Comunicado: ""...the weighted-average lease term of the net lease portfolio was 9.7 years and the occupancy rate was 99.1%."" | Suplemento: ""Occupancy – net-leased properties"" = 99.1%"
2016,propiedades,903.0,actual,reportado,Propiedades en arrendamiento neto a fin de año (excluye operativas),2017-02-23,https://www.sec.gov/Archives/edgar/data/1025378/000102537817000011/wpc2016q48-kerexh991.htm,"""the Company's Owned Real Estate portfolio consisted of 903 net lease properties, comprising 87.9 million square feet leased to 217 tenants, and two hotel operating properties"" | Suplemento: ""Number of net-leased properties"" = 903"
2017,affo,572979000.0,actual,reportado,AFFO atribuible a WPC (tabla en miles; convertido x1000). Cotejado: el comparativo 2017 del comunicado FY2018 (2019-02-22) muestra las mismas cifras.,2018-02-23,https://www.sec.gov/Archives/edgar/data/1025378/000102537818000011/wpc2017q48-kerexh991.htm,"Conciliación, años terminados 31-dic: ""AFFO attributable to W. P. Carey"" 2017: $572,979; per diluted share 2017: $5.30"
2017,affo_por_accion,5.3,actual,reportado,"AFFO por acción diluida, comunicado anual. Cotejado: el comparativo 2017 del comunicado FY2018 (2019-02-22) muestra las mismas cifras.",2018-02-23,https://www.sec.gov/Archives/edgar/data/1025378/000102537818000011/wpc2017q48-kerexh991.htm,"Conciliación, años terminados 31-dic: ""AFFO attributable to W. P. Carey"" 2017: $572,979; per diluted share 2017: $5.30"
2017,deuda_neta_ebitdare_proforma,5.5,actual,reportado,"Suplemento 4T-2017, EBITDA anualizado pro rata. Es 'net debt to adjusted EBITDA' tal como lo reporta WPC, no EBITDAre Nareit",2018-02-23,https://www.sec.gov/Archives/edgar/data/1025378/000102537818000011/wpc2017q48-ksupplementalex.htm,"""Pro rata net debt to adjusted EBITDA (annualized) (a) (b)"" 5.5x"
2017,disposiciones,191600000.0,actual,reportado,Disposiciones 2017,2018-02-23,https://www.sec.gov/Archives/edgar/data/1025378/000102537818000011/wpc2017q48-kerexh991.htm,"""bringing total dispositions for the year ended December 31, 2017 to $191.6 million."""
2017,dividendo_declarado_por_accion,4.01,actual,reportado,Dividendos regulares declarados en el año. Suma trimestral 0.995+1.00+1.005+1.01=4.01; comparativo FY2018 = $4.01,2018-02-23,https://www.sec.gov/Archives/edgar/data/1025378/000102537818000011/wpc2017q48-kerexh991.htm,"""Dividends declared during 2017 totaled $4.01 per share, an increase of 2.0% compared to total dividends declared during 2016 of $3.93 per share."""
2017,ffo,489024000.0,actual,reportado,FFO Nareit atribuible a WPC (tabla en miles; convertido x1000). Cotejado: el comparativo 2017 del comunicado FY2018 (2019-02-22) muestra las mismas cifras.,2018-02-23,https://www.sec.gov/Archives/edgar/data/1025378/000102537818000011/wpc2017q48-kerexh991.htm,"Conciliación, años terminados 31-dic: ""FFO (as defined by NAREIT) attributable to W. P. Carey"" 2017: $489,024; per diluted share 2017: $4.53 (diluted weighted-average shares 108,035,971)"
2017,ffo_por_accion,4.53,actual,reportado,"FFO Nareit por acción diluida, comunicado anual. Cotejado: el comparativo 2017 del comunicado FY2018 (2019-02-22) muestra las mismas cifras.",2018-02-23,https://www.sec.gov/Archives/edgar/data/1025378/000102537818000011/wpc2017q48-kerexh991.htm,"Conciliación, años terminados 31-dic: ""FFO (as defined by NAREIT) attributable to W. P. Carey"" 2017: $489,024; per diluted share 2017: $4.53 (diluted weighted-average shares 108,035,971)"
2017,ingresos_totales,848302000.0,actual,reportado,Ingresos totales 2017; igual en comparativo FY2018. (El comunicado destaca 'net revenues' de $775.3 millones),2018-02-23,https://www.sec.gov/Archives/edgar/data/1025378/000102537818000011/wpc2017q48-kerexh991.htm,"Estado de resultados, años: Total Revenues 2017 $848,302 (miles)"
2017,inversion_en_adquisiciones,95900000.0,actual,reportado,Volumen de inversión propio 2017 (año de muy baja actividad); los Managed Programs invirtieron $1.2 mil millones aparte,2018-02-23,https://www.sec.gov/Archives/edgar/data/1025378/000102537818000011/wpc2017q48-kerexh991.htm,"""bringing total investment volume for the year ended December 31, 2017 to $95.9 million, including transaction-related costs and fees."""
2017,ocupacion,0.998,actual,reportado,Ocupación cartera net lease a fin de año,2018-02-23,https://www.sec.gov/Archives/edgar/data/1025378/000102537818000011/wpc2017q48-ksupplementalex.htm,"Suplemento: ""Number of net-leased properties"" 887; ""Occupancy – net-leased properties"" 99.8%"
2017,propiedades,887.0,actual,reportado,Propiedades en arrendamiento neto a fin de año (excluye operativas),2018-02-23,https://www.sec.gov/Archives/edgar/data/1025378/000102537818000011/wpc2017q48-kerexh991.htm,"""the Company's Owned Real Estate portfolio consisted of 887 net lease properties, comprising 84.9 million square feet leased to 210 tenants, and two hotel operating properties."""
2018,affo,634586000.0,actual,reportado,AFFO atribuible a WPC (tabla en miles; convertido x1000). Cotejado: el comparativo 2018 del comunicado FY2019 (2020-02-21) muestra las mismas cifras.,2019-02-22,https://www.sec.gov/Archives/edgar/data/1025378/000102537819000005/wpc2018q48-kerexh991.htm,"Conciliación, años terminados 31-dic: ""AFFO attributable to W. P. Carey"" 2018: $634,586; per diluted share 2018: $5.39"
2018,affo_por_accion,5.39,actual,reportado,"AFFO por acción diluida, comunicado anual. Cotejado: el comparativo 2018 del comunicado FY2019 (2020-02-21) muestra las mismas cifras.",2019-02-22,https://www.sec.gov/Archives/edgar/data/1025378/000102537819000005/wpc2018q48-kerexh991.htm,"Conciliación, años terminados 31-dic: ""AFFO attributable to W. P. Carey"" 2018: $634,586; per diluted share 2018: $5.39"
2018,cap_rate_adquisicion,0.07,actual,reportado,"Proxy 2019 (DEF 14A), logros 2018 en sección Executive Officers/CD&A (incluye $111.7 MM de proyectos de capital)",2019-04-04,https://www.sec.gov/Archives/edgar/data/1025378/000104746919001969/a2238264zdef14a.htm,"We made investments for our portfolio totaling $939.7 million, including $111.7 million of completed capital investment projects, at a weighted average cap rate of 7% and a weighted average lease term (""WALT"") of 20 years."
2018,deuda_neta_ebitdare_proforma,5.8,actual,reportado,"Suplemento 4T-2018, EBITDA anualizado pro rata. Es 'net debt to adjusted EBITDA' tal como lo reporta WPC, no EBITDAre Nareit",2019-02-22,https://www.sec.gov/Archives/edgar/data/1025378/000102537819000005/wpc2018q48-ksupplementalex.htm,"""Pro rata net debt to adjusted EBITDA (annualized) (a) (b)     5.8x"""
2018,disposiciones,524500000.0,actual,reportado,Disposiciones 2018,2019-02-22,https://www.sec.gov/Archives/edgar/data/1025378/000102537819000005/wpc2018q48-kerexh991.htm,"""bringing total dispositions for the year ended December 31, 2018 to $524.5 million."""
2018,dividendo_declarado_por_accion,4.09,actual,reportado,Dividendos regulares declarados en el año. Estado de resultados: Dividends Declared Per Share $4.090; suma trimestral 4.09; comparativo FY2019 = $4.09,2019-02-22,https://www.sec.gov/Archives/edgar/data/1025378/000102537819000005/wpc2018q48-kerexh991.htm,"""Dividends declared during 2018 totaled $4.09 per share, an increase of 2.0% compared to total dividends declared during 2017 of $4.01 per share."""
2018,ffo,531863000.0,actual,reportado,FFO Nareit atribuible a WPC (tabla en miles; convertido x1000). Cotejado: el comparativo 2018 del comunicado FY2019 (2020-02-21) muestra las mismas cifras.,2019-02-22,https://www.sec.gov/Archives/edgar/data/1025378/000102537819000005/wpc2018q48-kerexh991.htm,"Conciliación, años terminados 31-dic: ""FFO (as defined by NAREIT) attributable to W. P. Carey"" 2018: $531,863; per diluted share 2018: $4.52 (diluted weighted-average shares 117,706,445)"
2018,ffo_por_accion,4.52,actual,reportado,"FFO Nareit por acción diluida, comunicado anual. Cotejado: el comparativo 2018 del comunicado FY2019 (2020-02-21) muestra las mismas cifras.",2019-02-22,https://www.sec.gov/Archives/edgar/data/1025378/000102537819000005/wpc2018q48-kerexh991.htm,"Conciliación, años terminados 31-dic: ""FFO (as defined by NAREIT) attributable to W. P. Carey"" 2018: $531,863; per diluted share 2018: $4.52 (diluted weighted-average shares 117,706,445)"
2018,ingresos_totales,885732000.0,actual,reportado,Ingresos totales 2018; igual en comparativo FY2019. (El comunicado destaca 'net revenues' de $835.7 millones),2019-02-22,https://www.sec.gov/Archives/edgar/data/1025378/000102537819000005/wpc2018q48-kerexh991.htm,"Estado de resultados, años: Total Revenues 2018 $885,732 (miles)"
2018,inversion_en_adquisiciones,939700000.0,actual,reportado,"Volumen de inversión 2018, incluye costos de transacción; excluye la fusión con CPA:17",2019-02-22,https://www.sec.gov/Archives/edgar/data/1025378/000102537819000005/wpc2018q48-kerexh991.htm,"""bringing total investment volume for the year ended December 31, 2018 to $939.7 million, including transaction-related costs"""
2018,ocupacion,0.983,actual,reportado,Ocupación cartera net lease a fin de año,2019-02-22,https://www.sec.gov/Archives/edgar/data/1025378/000102537819000005/wpc2018q48-kerexh991.htm,"""the Company's net lease portfolio consisted of 1,163 properties, comprising 131.0 million square feet leased to 304 tenants, with a weighted-average lease term of 10.2 years and an occupancy rate of 98.3%."""
2018,propiedades,1163.0,actual,reportado,Propiedades en arrendamiento neto a fin de año (excluye operativas),2019-02-22,https://www.sec.gov/Archives/edgar/data/1025378/000102537819000005/wpc2018q48-kerexh991.htm,"""the Company's net lease portfolio consisted of 1,163 properties, comprising 131.0 million square feet leased to 304 tenants, with a weighted-average lease term of 10.2 years and an occupancy rate of 98.3%."""
2019,affo,856470000.0,actual,reportado,AFFO atribuible a WPC (tabla en miles; convertido x1000). Cotejado: el comparativo 2019 del comunicado FY2020 (2021-02-12) muestra las mismas cifras. Además cuadra con la suma de los cuatro trimestres reportados.,2020-02-21,https://www.sec.gov/Archives/edgar/data/1025378/000102537820000009/wpc2019q48-kerexh991.htm,"Conciliación, años terminados 31-dic: ""AFFO attributable to W. P. Carey"" 2019: $856,470; per diluted share 2019: $5.00"
2019,affo_por_accion,5.0,actual,reportado,"AFFO por acción diluida, comunicado anual. Cotejado: el comparativo 2019 del comunicado FY2020 (2021-02-12) muestra las mismas cifras. Además cuadra con la suma de los cuatro trimestres reportados.",2020-02-21,https://www.sec.gov/Archives/edgar/data/1025378/000102537820000009/wpc2019q48-kerexh991.htm,"Conciliación, años terminados 31-dic: ""AFFO attributable to W. P. Carey"" 2019: $856,470; per diluted share 2019: $5.00"
2019,cap_rate_adquisicion,0.067,actual,reportado,"Proxy 2020 (DEF 14A), logros 2019 en sección Executive Officers/CD&A",2020-04-09,https://www.sec.gov/Archives/edgar/data/1025378/000104746920002224/a2241251zdef14a.htm,"We made investments for our portfolio totaling $868 million, at a weighted average cap rate of 6.7% and a WALT of 19 years."
2019,deuda_neta_ebitdare_proforma,5.4,actual,reportado,"Suplemento 4T-2019, EBITDA anualizado pro rata. Es 'net debt to adjusted EBITDA' tal como lo reporta WPC, no EBITDAre Nareit",2020-02-21,https://www.sec.gov/Archives/edgar/data/1025378/000102537820000009/wpc2019q48-ksupplementalex.htm,"""Pro rata net debt to adjusted EBITDA (annualized) (a) (b)"" 5.4x"
2019,disposiciones,383900000.0,actual,reportado,Disposiciones 2019,2020-02-21,https://www.sec.gov/Archives/edgar/data/1025378/000102537820000009/wpc2019q48-kerexh991.htm,"""bringing total dispositions for the year ended December 31, 2019 to $383.9 million."""
2019,dividendo_declarado_por_accion,4.14,actual,reportado,Dividendos regulares declarados en el año. Suma trimestral 1.032+1.034+1.036+1.038=4.140; comparativo FY2020 = $4.140,2020-02-21,https://www.sec.gov/Archives/edgar/data/1025378/000102537820000009/wpc2019q48-kerexh991.htm,"""Dividends declared during 2019 totaled $4.14 per share, an increase of 1.2% compared to total dividends declared during 2018 of $4.09 per share."" | Estado de resultados: ""Dividends Declared Per Share"" 2019: $4.140"
2019,ffo,785908000.0,actual,reportado,FFO Nareit atribuible a WPC (tabla en miles; convertido x1000). Cotejado: el comparativo 2019 del comunicado FY2020 (2021-02-12) muestra las mismas cifras. Además cuadra con la suma de los cuatro trimestres reportados.,2020-02-21,https://www.sec.gov/Archives/edgar/data/1025378/000102537820000009/wpc2019q48-kerexh991.htm,"Conciliación, años terminados 31-dic: ""FFO (as defined by NAREIT) attributable to W. P. Carey"" 2019: $785,908; per diluted share 2019: $4.59 (diluted weighted-average shares 171,299,414)"
2019,ffo_por_accion,4.59,actual,reportado,"FFO Nareit por acción diluida, comunicado anual. Cotejado: el comparativo 2019 del comunicado FY2020 (2021-02-12) muestra las mismas cifras. Además cuadra con la suma de los cuatro trimestres reportados.",2020-02-21,https://www.sec.gov/Archives/edgar/data/1025378/000102537820000009/wpc2019q48-kerexh991.htm,"Conciliación, años terminados 31-dic: ""FFO (as defined by NAREIT) attributable to W. P. Carey"" 2019: $785,908; per diluted share 2019: $4.59 (diluted weighted-average shares 171,299,414)"
2019,ingresos_totales,1232766000.0,actual,reportado,Ingresos totales 2019 incluyendo costos reembolsables; igual en comparativo FY2020,2020-02-21,https://www.sec.gov/Archives/edgar/data/1025378/000102537820000009/wpc2019q48-kerexh991.htm,"""Revenues, including reimbursable costs, for the 2019 full year totaled $1.23 billion, up 39.2% from $885.7 million for the 2018 full year."" | Tabla: Total Revenues 2019 $1,232,766 (miles)"
2019,inversion_en_adquisiciones,868100000.0,actual,reportado,Volumen de inversión 2019,2020-02-21,https://www.sec.gov/Archives/edgar/data/1025378/000102537820000009/wpc2019q48-kerexh991.htm,"""bringing total investment volume for the year ended December 31, 2019 to $868.1 million."""
2019,ocupacion,0.988,actual,reportado,Ocupación cartera net lease a fin de año,2020-02-21,https://www.sec.gov/Archives/edgar/data/1025378/000102537820000009/wpc2019q48-kerexh991.htm,"""As of December 31, 2019, the Company's net lease portfolio consisted of 1,214 properties, comprising 140.0 million square feet leased to 345 tenants, with a weighted-average lease term of 10.7 years and an occupancy rate of 98.8%."""
2019,propiedades,1214.0,actual,reportado,Propiedades en arrendamiento neto a fin de año (excluye operativas),2020-02-21,https://www.sec.gov/Archives/edgar/data/1025378/000102537820000009/wpc2019q48-kerexh991.htm,"""As of December 31, 2019, the Company's net lease portfolio consisted of 1,214 properties, comprising 140.0 million square feet leased to 345 tenants, with a weighted-average lease term of 10.7 years and an occupancy rate of 98.8%."""
2020,affo,829086000.0,actual,reportado,AFFO atribuible a WPC (tabla en miles; convertido x1000). Cotejado: el comparativo 2020 del comunicado FY2021 (2022-02-11) muestra las mismas cifras. Además cuadra con la suma de los cuatro trimestres reportados.,2021-02-12,https://www.sec.gov/Archives/edgar/data/1025378/000102537821000037/wpc2020q48-kerexh991.htm,"Conciliación, años terminados 31-dic: ""AFFO attributable to W. P. Carey"" 2020: $829,086; per diluted share 2020: $4.74"
2020,affo_por_accion,4.74,actual,reportado,"AFFO por acción diluida, comunicado anual. Cotejado: el comparativo 2020 del comunicado FY2021 (2022-02-11) muestra las mismas cifras. Además cuadra con la suma de los cuatro trimestres reportados.",2021-02-12,https://www.sec.gov/Archives/edgar/data/1025378/000102537821000037/wpc2020q48-kerexh991.htm,"Conciliación, años terminados 31-dic: ""AFFO attributable to W. P. Carey"" 2020: $829,086; per diluted share 2020: $4.74"
2020,cap_rate_adquisicion,0.065,actual,reportado,"Proxy 2021 (DEF 14A), CD&A (logros considerados por el Comité de Compensación)",2021-03-31,https://www.sec.gov/Archives/edgar/data/1025378/000104746921000802/a2243119zdef14a.htm,The Company completed $826 million of new investments at a capitalization rate of 6.5% and a weighted average lease term of 20 years.
2020,deuda_neta_ebitdare_proforma,6.2,actual,reportado,"Suplemento 4T-2020, EBITDA anualizado pro rata. Es 'net debt to adjusted EBITDA' tal como lo reporta WPC, no EBITDAre Nareit",2021-02-12,https://www.sec.gov/Archives/edgar/data/1025378/000102537821000037/wpc2020q4supplementalexh992.htm,"""Pro rata net debt to adjusted EBITDA (annualized)"" 6.2x"
2020,disposiciones,381200000.0,actual,reportado,Disposiciones brutas 2020,2021-02-12,https://www.sec.gov/Archives/edgar/data/1025378/000102537821000037/wpc2020q48-kerexh991.htm,"""Gross disposition proceeds of $201.5 million during the fourth quarter, bringing total dispositions for the year ended December 31, 2020 to $381.2 million"""
2020,dividendo_declarado_por_accion,4.172,actual,reportado,Dividendos regulares declarados en el año. Suma trimestral 1.04+1.042+1.044+1.046=4.172; comparativo FY2021 = $4.172,2021-02-12,https://www.sec.gov/Archives/edgar/data/1025378/000102537821000037/wpc2020q48-kerexh991.htm,"""Dividends declared during 2020 totaled $4.17 per share, an increase of 0.7% compared to total dividends declared during 2019 of $4.14 per share."" | Estado de resultados: ""Dividends Declared Per Share"" 2020: $4.172"
2020,ffo,866365000.0,actual,reportado,FFO Nareit atribuible a WPC (tabla en miles; convertido x1000). Cotejado: el comparativo 2020 del comunicado FY2021 (2022-02-11) muestra las mismas cifras. Además cuadra con la suma de los cuatro trimestres reportados.,2021-02-12,https://www.sec.gov/Archives/edgar/data/1025378/000102537821000037/wpc2020q48-kerexh991.htm,"Conciliación, años terminados 31-dic: ""FFO (as defined by NAREIT) attributable to W. P. Carey"" 2020: $866,365; per diluted share 2020: $4.96 (diluted weighted-average shares 174,839,428)"
2020,ffo_por_accion,4.96,actual,reportado,"FFO Nareit por acción diluida, comunicado anual. Cotejado: el comparativo 2020 del comunicado FY2021 (2022-02-11) muestra las mismas cifras. Además cuadra con la suma de los cuatro trimestres reportados.",2021-02-12,https://www.sec.gov/Archives/edgar/data/1025378/000102537821000037/wpc2020q48-kerexh991.htm,"Conciliación, años terminados 31-dic: ""FFO (as defined by NAREIT) attributable to W. P. Carey"" 2020: $866,365; per diluted share 2020: $4.96 (diluted weighted-average shares 174,839,428)"
2020,ingresos_totales,1209319000.0,actual,reportado,Ingresos totales 2020; igual en comparativo FY2021,2021-02-12,https://www.sec.gov/Archives/edgar/data/1025378/000102537821000037/wpc2020q48-kerexh991.htm,"Tabla: Total Revenues 2020 $1,209,319 (miles) | ""Revenues, including reimbursable costs, for the 2020 full year totaled $1.21 billion, down 1.9%"""
2020,inversion_en_adquisiciones,825900000.0,actual,reportado,Volumen de inversión 2020 (adquisiciones y proyectos de capital),2021-02-12,https://www.sec.gov/Archives/edgar/data/1025378/000102537821000037/wpc2020q48-kerexh991.htm,"""Investment volume of $310.0 million during the fourth quarter, bringing total investment volume for the year ended December 31, 2020 to $825.9 million"""
2020,ocupacion,0.985,actual,reportado,Ocupación cartera net lease a fin de año,2021-02-12,https://www.sec.gov/Archives/edgar/data/1025378/000102537821000037/wpc2020q48-kerexh991.htm,"""As of December 31, 2020, the Company's net lease portfolio consisted of 1,243 properties, comprising 144 million square feet leased to 350 tenants, with a weighted-average lease term of 10.6 years and an occupancy rate of 98.5%."""
2020,propiedades,1243.0,actual,reportado,Propiedades en arrendamiento neto a fin de año (excluye operativas),2021-02-12,https://www.sec.gov/Archives/edgar/data/1025378/000102537821000037/wpc2020q48-kerexh991.htm,"""As of December 31, 2020, the Company's net lease portfolio consisted of 1,243 properties, comprising 144 million square feet leased to 350 tenants, with a weighted-average lease term of 10.6 years and an occupancy rate of 98.5%."""
2021,affo,921491000.0,actual,reportado,AFFO atribuible a WPC (tabla en miles; convertido x1000). Cotejado: el comparativo 2021 del comunicado FY2022 (2023-02-10) muestra las mismas cifras. Además cuadra con la suma de los cuatro trimestres reportados.,2022-02-11,https://www.sec.gov/Archives/edgar/data/1025378/000102537822000038/wpc2021q48-kerexh991.htm,"Conciliación, años terminados 31-dic: ""AFFO attributable to W. P. Carey"" 2021: $921,491; per diluted share 2021: $5.03"
2021,affo_por_accion,5.03,actual,reportado,"AFFO por acción diluida, comunicado anual. Cotejado: el comparativo 2021 del comunicado FY2022 (2023-02-10) muestra las mismas cifras. Además cuadra con la suma de los cuatro trimestres reportados.",2022-02-11,https://www.sec.gov/Archives/edgar/data/1025378/000102537822000038/wpc2021q48-kerexh991.htm,"Conciliación, años terminados 31-dic: ""AFFO attributable to W. P. Carey"" 2021: $921,491; per diluted share 2021: $5.03"
2021,deuda_neta_ebitdare_proforma,5.7,actual,reportado,"Suplemento 4T-2021, EBITDA anualizado pro rata. Es 'net debt to adjusted EBITDA' tal como lo reporta WPC, no EBITDAre Nareit",2022-02-11,https://www.sec.gov/Archives/edgar/data/1025378/000102537822000038/wpc2021q4supplementalexh992.htm,"""Pro rata net debt to adjusted EBITDA (annualized)"" 5.7x"
2021,disposiciones,170700000.0,actual,reportado,Disposiciones brutas 2021,2022-02-11,https://www.sec.gov/Archives/edgar/data/1025378/000102537822000038/wpc2021q48-kerexh991.htm,"""During the 2021 fourth quarter, the Company disposed of eight properties for gross proceeds of $41.2 million, bringing total disposition proceeds for the year ended December 31, 2021 to $170.7 million."""
2021,dividendo_declarado_por_accion,4.205,actual,reportado,Dividendos regulares declarados en el año. Suma trimestral 1.048+1.05+1.052+1.055=4.205; comparativo FY2022 = $4.205,2022-02-11,https://www.sec.gov/Archives/edgar/data/1025378/000102537822000038/wpc2021q48-kerexh991.htm,"""Dividends declared during 2021 totaled $4.205 per share, an increase of 0.8% compared to total dividends declared during 2020 of $4.172 per share."""
2021,ffo,896560000.0,actual,reportado,FFO Nareit atribuible a WPC (tabla en miles; convertido x1000). Cotejado: el comparativo 2021 del comunicado FY2022 (2023-02-10) muestra las mismas cifras. Además cuadra con la suma de los cuatro trimestres reportados.,2022-02-11,https://www.sec.gov/Archives/edgar/data/1025378/000102537822000038/wpc2021q48-kerexh991.htm,"Conciliación, años terminados 31-dic: ""FFO (as defined by NAREIT) attributable to W. P. Carey"" 2021: $896,560; per diluted share 2021: $4.90 (diluted weighted-average shares 183,127,098)"
2021,ffo_por_accion,4.9,actual,reportado,"FFO Nareit por acción diluida, comunicado anual. Cotejado: el comparativo 2021 del comunicado FY2022 (2023-02-10) muestra las mismas cifras. Además cuadra con la suma de los cuatro trimestres reportados.",2022-02-11,https://www.sec.gov/Archives/edgar/data/1025378/000102537822000038/wpc2021q48-kerexh991.htm,"Conciliación, años terminados 31-dic: ""FFO (as defined by NAREIT) attributable to W. P. Carey"" 2021: $896,560; per diluted share 2021: $4.90 (diluted weighted-average shares 183,127,098)"
2021,ingresos_totales,1331524000.0,actual,reportado,Ingresos totales 2021; igual en comparativo FY2022,2022-02-11,https://www.sec.gov/Archives/edgar/data/1025378/000102537822000038/wpc2021q48-kerexh991.htm,"Tabla: Total Revenues 2021 $1,331,524 (miles) | ""Revenues, including reimbursable costs, for the 2021 full year totaled $1.33 billion, up 10.1%"""
2021,inversion_en_adquisiciones,1720000000.0,actual,reportado,Volumen de inversión 2021 según comunicado de febrero; el comunicado de enero (10-ene-2022) dice $1.73 mil millones,2022-02-11,https://www.sec.gov/Archives/edgar/data/1025378/000102537822000038/wpc2021q48-kerexh991.htm,"""During the 2021 fourth quarter, the Company completed investments totaling $531.8 million, bringing total investment volume for the year ended December 31, 2021 to $1.72 billion."" | Comunicado 10-ene-2022: ""today announced record investment volume for the 2021 full year of $1.73 billion"""
2021,ocupacion,0.985,actual,reportado,Ocupación cartera net lease a fin de año,2022-02-11,https://www.sec.gov/Archives/edgar/data/1025378/000102537822000038/wpc2021q48-kerexh991.htm,"""As of December 31, 2021, the Company's net lease portfolio consisted of 1,304 properties, comprising 156 million square feet leased to 352 tenants, with a weighted-average lease term of 10.8 years and an occupancy rate of 98.5%."""
2021,propiedades,1304.0,actual,reportado,Propiedades en arrendamiento neto a fin de año (excluye operativas),2022-02-11,https://www.sec.gov/Archives/edgar/data/1025378/000102537822000038/wpc2021q48-kerexh991.htm,"""As of December 31, 2021, the Company's net lease portfolio consisted of 1,304 properties, comprising 156 million square feet leased to 352 tenants, with a weighted-average lease term of 10.8 years and an occupancy rate of 98.5%."""
2022,affo,1060598000.0,actual,reportado,AFFO atribuible a WPC (tabla en miles; convertido x1000). Cotejado: el comparativo 2022 del comunicado FY2023 (2024-02-09) muestra las mismas cifras. Además cuadra con la suma de los cuatro trimestres reportados.,2023-02-10,https://www.sec.gov/Archives/edgar/data/1025378/000102537823000032/wpc2022q48-kerexh991.htm,"Conciliación, años terminados 31-dic: ""AFFO attributable to W. P. Carey"" 2022: $1,060,598; per diluted share 2022: $5.29"
2022,affo_por_accion,5.29,actual,reportado,"AFFO por acción diluida, comunicado anual. Cotejado: el comparativo 2022 del comunicado FY2023 (2024-02-09) muestra las mismas cifras. Además cuadra con la suma de los cuatro trimestres reportados.",2023-02-10,https://www.sec.gov/Archives/edgar/data/1025378/000102537823000032/wpc2022q48-kerexh991.htm,"Conciliación, años terminados 31-dic: ""AFFO attributable to W. P. Carey"" 2022: $1,060,598; per diluted share 2022: $5.29"
2022,cap_rate_adquisicion,0.063,actual,reportado,"Proxy 2023 (DEF 14A), CD&A (frase verificada con búsqueda de texto completo de EDGAR; excluye activos de la fusión CPA:18)",2023-04-06,https://www.sec.gov/Archives/edgar/data/1025378/000102537823000069/wpc-20230406.htm,The Company completed investment volume of $1.42 billion at a weighted average cap rate of 6.3% and a lease term of 20 years
2022,cap_rate_adquisicion_4t,0.068,actual,reportado,SOLO inversiones del 4T-2022 (~$160 millones); no se reportó cap rate del año completo,2023-01-09,https://www.sec.gov/Archives/edgar/data/1025378/000102537823000003/wpc2023q1investmentvolumee.htm,"""Fourth Quarter Investments Completed at an Approximately 6.8% Weighted-Average Cap Rate"""
2022,deuda_neta_ebitdare_proforma,5.7,actual,reportado,"Suplemento 4T-2022, EBITDA anualizado pro rata. Es 'net debt to adjusted EBITDA' tal como lo reporta WPC, no EBITDAre Nareit",2023-02-10,https://www.sec.gov/Archives/edgar/data/1025378/000102537823000032/wpc2022q4supplementalexh992.htm,"""Pro rata net debt to adjusted EBITDA (annualized)"" 5.7x"
2022,disposiciones,243700000.0,actual,reportado,Disposiciones brutas 2022,2023-02-10,https://www.sec.gov/Archives/edgar/data/1025378/000102537823000032/wpc2022q48-kerexh991.htm,"""During the 2022 fourth quarter, the Company disposed of six properties for gross proceeds of $67.6 million, bringing total disposition proceeds for the year ended December 31, 2022 to $243.7 million."""
2022,dividendo_declarado_por_accion,4.242,actual,reportado,Dividendos regulares declarados en el año. Suma trimestral 1.057+1.059+1.061+1.065=4.242; comparativo FY2023 = $4.242,2023-02-10,https://www.sec.gov/Archives/edgar/data/1025378/000102537823000032/wpc2022q48-kerexh991.htm,"""Dividends declared during 2022 totaled $4.242 per share, an increase of 0.9% compared to total dividends declared during 2021 of $4.205 per share."""
2022,ffo,1105613000.0,actual,reportado,FFO Nareit atribuible a WPC (tabla en miles; convertido x1000). Cotejado: el comparativo 2022 del comunicado FY2023 (2024-02-09) muestra las mismas cifras. Además cuadra con la suma de los cuatro trimestres reportados.,2023-02-10,https://www.sec.gov/Archives/edgar/data/1025378/000102537823000032/wpc2022q48-kerexh991.htm,"Conciliación, años terminados 31-dic: ""FFO (as defined by NAREIT) attributable to W. P. Carey"" 2022: $1,105,613; per diluted share 2022: $5.52 (diluted weighted-average shares 200,427,124)"
2022,ffo_por_accion,5.52,actual,reportado,"FFO Nareit por acción diluida, comunicado anual. Cotejado: el comparativo 2022 del comunicado FY2023 (2024-02-09) muestra las mismas cifras. Además cuadra con la suma de los cuatro trimestres reportados.",2023-02-10,https://www.sec.gov/Archives/edgar/data/1025378/000102537823000032/wpc2022q48-kerexh991.htm,"Conciliación, años terminados 31-dic: ""FFO (as defined by NAREIT) attributable to W. P. Carey"" 2022: $1,105,613; per diluted share 2022: $5.52 (diluted weighted-average shares 200,427,124)"
2022,ingresos_totales,1479086000.0,actual,reportado,Ingresos totales 2022; igual en comparativo FY2023,2023-02-10,https://www.sec.gov/Archives/edgar/data/1025378/000102537823000032/wpc2022q48-kerexh991.htm,"Tabla: Total Revenues 2022 $1,479,086 (miles)"
2022,inversion_en_adquisiciones,1400000000.0,actual,reportado,Volumen de inversión 2022 excluye propiedades adquiridas en la fusión con CPA:18; el comunicado de enero (9-ene-2023) dice $1.42 mil millones,2023-02-10,https://www.sec.gov/Archives/edgar/data/1025378/000102537823000032/wpc2022q48-kerexh991.htm,"""During the 2022 fourth quarter, the Company completed investments totaling $158.5 million, bringing total investment volume for the year ended December 31, 2022 to $1.4 billion (excluding properties acquired in the CPA:18 Merger)."" | Comunicado 9-ene-2023: ""today announced investment volume for the 2022 full year of $1.42 billion."""
2022,ocupacion,0.988,actual,reportado,Ocupación cartera net lease a fin de año,2023-02-10,https://www.sec.gov/Archives/edgar/data/1025378/000102537823000032/wpc2022q48-kerexh991.htm,"""As of December 31, 2022, the Company's net lease portfolio consisted of 1,449 properties, comprising 176 million square feet leased to 392 tenants, with a weighted-average lease term of 10.8 years and an occupancy rate of 98.8%."""
2022,propiedades,1449.0,actual,reportado,Propiedades en arrendamiento neto a fin de año (excluye operativas),2023-02-10,https://www.sec.gov/Archives/edgar/data/1025378/000102537823000032/wpc2022q48-kerexh991.htm,"""As of December 31, 2022, the Company's net lease portfolio consisted of 1,449 properties, comprising 176 million square feet leased to 392 tenants, with a weighted-average lease term of 10.8 years and an occupancy rate of 98.8%."""
2023,affo,1118267000.0,actual,reportado,AFFO atribuible a WPC (tabla en miles; convertido x1000). Cotejado: el comparativo 2023 del comunicado FY2024 (2025-02-11) muestra las mismas cifras. Además cuadra con la suma de los cuatro trimestres reportados.,2024-02-09,https://www.sec.gov/Archives/edgar/data/1025378/000102537824000034/wpc2023q48-kerexh991.htm,"Conciliación, años terminados 31-dic: ""AFFO attributable to W. P. Carey"" 2023: $1,118,267; per diluted share 2023: $5.18"
2023,affo_por_accion,5.18,actual,reportado,"AFFO por acción diluida, comunicado anual. Cotejado: el comparativo 2023 del comunicado FY2024 (2025-02-11) muestra las mismas cifras. Además cuadra con la suma de los cuatro trimestres reportados.",2024-02-09,https://www.sec.gov/Archives/edgar/data/1025378/000102537824000034/wpc2023q48-kerexh991.htm,"Conciliación, años terminados 31-dic: ""AFFO attributable to W. P. Carey"" 2023: $1,118,267; per diluted share 2023: $5.18 | Texto: ""AFFO for the 2023 full year was $5.18 per diluted share, down 2.1% from $5.29 per diluted share for the 2022 full year, primarily reflecting higher interest expense (due primarily to higher interest rates) and the impact of the Spin-Off"""
2023,cap_rate_adquisicion,0.076,actual,reportado,"Proxy 2024 (DEF 14A), carta del Chair y CEO y Proxy Summary/2023 Performance Highlights",2024-03-28,https://www.sec.gov/Archives/edgar/data/1025378/000102537824000063/wpc-20240328.htm,"We closed $1.3 billion of new investments at an average cap rate of 7.6%, primarily in single-tenant industrial/warehouse properties. | $1.3 billion of investments at a weighted-average cap rate of 7.6%"
2023,cap_rate_adquisicion_4t,0.077,actual,reportado,SOLO inversiones del 4T-2023 (~$320 millones); no se reportó cap rate del año completo,2024-01-10,https://www.sec.gov/Archives/edgar/data/1025378/000102537824000006/wpc2024q1investmentvolumee.htm,"""Includes Fourth Quarter Investment Volume of $320 Million at a Weighted-Average Cap Rate of 7.7%"""
2023,deuda_neta_ebitdare_proforma,5.6,actual,reportado,"Suplemento 4T-2023, EBITDA anualizado pro rata (post escisión NLOP). Es 'net debt to adjusted EBITDA' tal como lo reporta WPC, no EBITDAre Nareit",2024-02-09,https://www.sec.gov/Archives/edgar/data/1025378/000102537824000034/wpc2023q4supplementalexh992.htm,"""Pro rata net debt to adjusted EBITDA (annualized)"" 5.6x"
2023,disposiciones,462300000.0,actual,calculado,"Total 2023 = 242.0 (fuera del programa) + 220.3 (8 oficinas vendidas en 3T y 4T-2023 bajo el Office Sale Program), en millones",2024-02-09,https://www.sec.gov/Archives/edgar/data/1025378/000102537824000034/wpc2023q48-kerexh991.htm,"""Non-Office Sale Program gross disposition proceeds totaled $133.6 million for the fourth quarter and $242.0 million for 2023."" | ""Eight properties sold during the 2023 third and fourth quarters for gross proceeds of approximately $220.3 million"""
2023,disposiciones_sin_programa_de_oficinas,242000000.0,actual,reportado,Solo disposiciones FUERA del Office Sale Program en 2023 (ver fila calculada que suma el programa de oficinas); no incluye la escisión de NLOP,2024-02-09,https://www.sec.gov/Archives/edgar/data/1025378/000102537824000034/wpc2023q48-kerexh991.htm,"""Non-Office Sale Program gross disposition proceeds totaled $133.6 million for the fourth quarter and $242.0 million for 2023."""
2023,dividendo_declarado_por_accion,4.067,actual,reportado,Dividendos regulares declarados en el año. Tal como se reportó: 1.067+1.069+1.071+0.860 (4T ya con el dividendo reajustado tras la escisión de NLOP); NO incluye la distribución en especie de acciones NLOP,2024-02-09,https://www.sec.gov/Archives/edgar/data/1025378/000102537824000034/wpc2023q48-kerexh991.htm,"Estado de resultados: ""Dividends Declared Per Share"" 2023: $4.067 | Comunicado FY2024: ""Dividends declared during 2024 totaled $3.490 per share, a decrease of 14.2% compared to total dividends declared during 2023 of $4.067 per share, reflecting the impact on dividends declared since the 2023 fourth quarter of both the Company's strategic exit from the office assets within its portfolio and a lower payout ratio."""
2023,dividendo_trimestral_post_reset,0.86,actual,reportado,"Primer dividendo tras la escisión: declarado 7-dic-2023, pagado 16-ene-2024, registro 29-dic-2023; anualizado $3.44",2024-02-09,https://www.sec.gov/Archives/edgar/data/1025378/000102537824000034/wpc2023q48-kerexh991.htm,"""As previously announced, on December 7, 2023, the Company reported that its Board of Directors declared a quarterly cash dividend of $0.860 per share, equivalent to an annualized dividend rate of $3.44 per share, reflecting both the Company's strategic exit from the office assets within its portfolio (announced on September 21, 2023) and a lower payout ratio. The dividend was paid on January 16, 2024 to shareholders of record as of December 29, 2023."""
2023,ffo,1061226000.0,actual,reportado,FFO Nareit atribuible a WPC (tabla en miles; convertido x1000). Cotejado: el comparativo 2023 del comunicado FY2024 (2025-02-11) muestra las mismas cifras. Además cuadra con la suma de los cuatro trimestres reportados.,2024-02-09,https://www.sec.gov/Archives/edgar/data/1025378/000102537824000034/wpc2023q48-kerexh991.htm,"Conciliación, años terminados 31-dic: ""FFO (as defined by NAREIT) attributable to W. P. Carey"" 2023: $1,061,226; per diluted share 2023: $4.92 (diluted weighted-average shares 215,760,496)"
2023,ffo_por_accion,4.92,actual,reportado,"FFO Nareit por acción diluida, comunicado anual. Cotejado: el comparativo 2023 del comunicado FY2024 (2025-02-11) muestra las mismas cifras. Además cuadra con la suma de los cuatro trimestres reportados.",2024-02-09,https://www.sec.gov/Archives/edgar/data/1025378/000102537824000034/wpc2023q48-kerexh991.htm,"Conciliación, años terminados 31-dic: ""FFO (as defined by NAREIT) attributable to W. P. Carey"" 2023: $1,061,226; per diluted share 2023: $4.92 (diluted weighted-average shares 215,760,496)"
2023,ingresos_totales,1741358000.0,actual,reportado,Ingresos totales 2023; igual en comparativo FY2024,2024-02-09,https://www.sec.gov/Archives/edgar/data/1025378/000102537824000034/wpc2023q48-kerexh991.htm,"Tabla: Total Revenues 2023 $1,741,358 (miles) | ""Revenues, including reimbursable costs, for the 2023 full year totaled $1.74 billion, up 17.6%"""
2023,inversion_en_adquisiciones,1300000000.0,actual,reportado,Volumen de inversión 2023,2024-02-09,https://www.sec.gov/Archives/edgar/data/1025378/000102537824000034/wpc2023q48-kerexh991.htm,"""During the 2023 fourth quarter, the Company completed investments totaling $345.6 million, bringing total investment volume for the year ended December 31, 2023 to $1.3 billion."""
2023,nlop_efectivo_recibido_por_wpc,344000000.0,actual,reportado,Efectivo neto recibido de NLOP en la escisión (aprox.),2024-02-09,https://www.sec.gov/Archives/edgar/data/1025378/000102537824000034/wpc2023q48-kerexh991.htm,"""received approximately $344 million, net of transaction expenses, from NLOP in connection with the Spin-Off"""
2023,nlop_ratio_acciones_por_accion_wpc,0.0666667,actual,calculado,1 acción NLOP por cada 15 acciones WPC (=1/15). Comunicado de fechas (8-K 6-oct-2023),2023-10-06,https://www.sec.gov/Archives/edgar/data/1025378/000110465923107523/tm2327879d1_ex99-1.htm,"""The Spin-Off will be accomplished via a pro rata dividend of one NLOP common share for every 15 shares of W. P. Carey common stock outstanding as of the record date."""
2023,nlop_valor_por_accion_wpc,0.7627,actual,calculado,Valor de la distribución en especie por acción WPC = 11.44 / 15,2024-01-30,https://s29.q4cdn.com/223055717/files/doc_downloads/tax-information/W-P-Carey-2023-Federal-Form-8937.pdf,"""THE DISTRIBUTION RATIO FOR THE SPIN-OFF WAS ONE SHARE OF NLOP DISTRIBUTED FOR EVERY 15 SHARES OF W. P. CAREY INC.(NYSE: WPC) HELD. THE FAIR MARKET VALUE (FMV) OF NLOP SHARES DISTRIBUTED IN THE SPIN-OFF WAS DETERMINED TO BE $11.44 PER NLOP SHARE"""
2023,nlop_valor_razonable_por_accion_nlop,11.44,actual,reportado,"Valor razonable fiscal de NLOP = VWAP de 3 días (Formulario 8937 de WPC, sitio IR de WPC, fechado 30-ene-2024; NO es precio de cierre del primer día)",2024-01-30,https://s29.q4cdn.com/223055717/files/doc_downloads/tax-information/W-P-Carey-2023-Federal-Form-8937.pdf,"""THE FAIR MARKET VALUE (FMV) OF NLOP SHARES DISTRIBUTED IN THE SPIN-OFF WAS DETERMINED TO BE $11.44 PER NLOP SHARE, WHICH WAS CALCULATED USING THE THREE-DAY VOLUME WEIGHTED AVERAGE PRICE (VWAP)."""
2023,ocupacion,0.981,actual,reportado,Ocupación cartera net lease a fin de año,2024-02-09,https://www.sec.gov/Archives/edgar/data/1025378/000102537824000034/wpc2023q48-kerexh991.htm,"""As of December 31, 2023, the Company's net lease portfolio consisted of 1,424 properties, comprising 173 million square feet leased to 336 tenants, with a weighted-average lease term of 11.7 years and an occupancy rate of 98.1%."""
2023,propiedades,1424.0,actual,reportado,Propiedades en arrendamiento neto a fin de año (excluye operativas); ya sin las 59 oficinas escindidas a NLOP,2024-02-09,https://www.sec.gov/Archives/edgar/data/1025378/000102537824000034/wpc2023q48-kerexh991.htm,"""As of December 31, 2023, the Company's net lease portfolio consisted of 1,424 properties, comprising 173 million square feet leased to 336 tenants, with a weighted-average lease term of 11.7 years and an occupancy rate of 98.1%."""
2023,reduccion_dividendo_reset,-0.197,actual,calculado,Variación del dividendo trimestral: 0.860 (4T-2023) vs 1.071 (3T-2023) - 1,2024-02-09,https://www.sec.gov/Archives/edgar/data/1025378/000102537824000034/wpc2023q48-kerexh991.htm,"""declared a quarterly cash dividend of $0.860 per share"" | 3T-2023: ""declared a quarterly cash dividend of $1.071 per share"""
2024,affo,1035945000.0,actual,reportado,AFFO atribuible a WPC (tabla en miles; convertido x1000). Cotejado: el comparativo 2024 del comunicado FY2025 (2026-02-10) muestra las mismas cifras. Además cuadra con la suma de los cuatro trimestres reportados.,2025-02-11,https://www.sec.gov/Archives/edgar/data/1025378/000102537825000022/wpc2024q48-kerexh991.htm,"Conciliación, años terminados 31-dic: ""AFFO attributable to W. P. Carey"" 2024: $1,035,945; per diluted share 2024: $4.70"
2024,affo_por_accion,4.7,actual,reportado,"AFFO por acción diluida, comunicado anual. Cotejado: el comparativo 2024 del comunicado FY2025 (2026-02-10) muestra las mismas cifras. Además cuadra con la suma de los cuatro trimestres reportados.",2025-02-11,https://www.sec.gov/Archives/edgar/data/1025378/000102537825000022/wpc2024q48-kerexh991.htm,"Conciliación, años terminados 31-dic: ""AFFO attributable to W. P. Carey"" 2024: $1,035,945; per diluted share 2024: $4.70"
2024,cap_rate_adquisicion,0.075,actual,reportado,Cap rate inicial promedio ponderado 'aprox. 7.5%' del volumen 2024 (comunicado de enero),2025-01-08,https://www.sec.gov/Archives/edgar/data/1025378/000102537825000008/wpc2025q1investmentvolumee.htm,"""investment volume for the 2024 full year of approximately $1.6 billion at a weighted-average initial cap rate of approximately 7.5% and an average yield of approximately 9%"""
2024,deuda_neta_ebitdare_proforma,5.5,actual,reportado,"Suplemento 4T-2024, EBITDA anualizado pro rata. Es 'net debt to adjusted EBITDA' tal como lo reporta WPC, no EBITDAre Nareit",2025-02-11,https://www.sec.gov/Archives/edgar/data/1025378/000102537825000022/wpc2024q4supplementalexh992.htm,"""Pro rata net debt to adjusted EBITDA (annualized) (a) (b)"" 5.5x"
2024,disposiciones,1200000000.0,actual,reportado,Disposiciones brutas 2024 (incluye el cierre del Office Sale Program),2025-02-11,https://www.sec.gov/Archives/edgar/data/1025378/000102537825000022/wpc2024q48-kerexh991.htm,"""During the 2024 fourth quarter, the Company disposed of five properties for gross proceeds totaling $118.8 million (including the sale of the final property under the Office Sale Program for gross proceeds of $26.8 million, thereby concluding the program), bringing total disposition proceeds for the year ended December 31, 2024 to $1.2 billion."""
2024,dividendo_declarado_por_accion,3.49,actual,reportado,Dividendos regulares declarados en el año. Suma trimestral 0.865+0.870+0.875+0.880=3.490; comparativo FY2025 = $3.490,2025-02-11,https://www.sec.gov/Archives/edgar/data/1025378/000102537825000022/wpc2024q48-kerexh991.htm,"""Dividends declared during 2024 totaled $3.490 per share, a decrease of 14.2% compared to total dividends declared during 2023 of $4.067 per share, reflecting the impact on dividends declared since the 2023 fourth quarter of both the Company's strategic exit from the office assets within its portfolio and a lower payout ratio."""
2024,ffo,894343000.0,actual,reportado,FFO Nareit atribuible a WPC (tabla en miles; convertido x1000). Cotejado: el comparativo 2024 del comunicado FY2025 (2026-02-10) muestra las mismas cifras. Además cuadra con la suma de los cuatro trimestres reportados.,2025-02-11,https://www.sec.gov/Archives/edgar/data/1025378/000102537825000022/wpc2024q48-kerexh991.htm,"Conciliación, años terminados 31-dic: ""FFO (as defined by NAREIT) attributable to W. P. Carey"" 2024: $894,343; per diluted share 2024: $4.06 (diluted weighted-average shares 220,520,457)"
2024,ffo_por_accion,4.06,actual,reportado,"FFO Nareit por acción diluida, comunicado anual. Cotejado: el comparativo 2024 del comunicado FY2025 (2026-02-10) muestra las mismas cifras. Además cuadra con la suma de los cuatro trimestres reportados.",2025-02-11,https://www.sec.gov/Archives/edgar/data/1025378/000102537825000022/wpc2024q48-kerexh991.htm,"Conciliación, años terminados 31-dic: ""FFO (as defined by NAREIT) attributable to W. P. Carey"" 2024: $894,343; per diluted share 2024: $4.06 (diluted weighted-average shares 220,520,457)"
2024,ingresos_totales,1583018000.0,actual,reportado,Ingresos totales 2024; igual en comparativo FY2025,2025-02-11,https://www.sec.gov/Archives/edgar/data/1025378/000102537825000022/wpc2024q48-kerexh991.htm,"Tabla: Revenues 2024 $1,583,018 (miles) | ""Revenues, including reimbursable costs, for the 2024 full year totaled $1.58 billion, down 9.2% from $1.74 billion for the 2023 full year."""
2024,inversion_en_adquisiciones,1600000000.0,actual,reportado,Volumen de inversión 2024,2025-02-11,https://www.sec.gov/Archives/edgar/data/1025378/000102537825000022/wpc2024q48-kerexh991.htm,"""During the 2024 fourth quarter, the Company completed investments totaling $841.3 million, bringing total investment volume for the year ended December 31, 2024 to $1.6 billion."""
2024,ocupacion,0.986,actual,reportado,Ocupación cartera net lease a fin de año,2025-02-11,https://www.sec.gov/Archives/edgar/data/1025378/000102537825000022/wpc2024q48-kerexh991.htm,"""As of December 31, 2024, the Company's net lease portfolio consisted of 1,555 properties, comprising 176 million square feet leased to 355 tenants, with a weighted-average lease term of 12.3 years and an occupancy rate of 98.6%."""
2024,propiedades,1555.0,actual,reportado,Propiedades en arrendamiento neto a fin de año (excluye operativas),2025-02-11,https://www.sec.gov/Archives/edgar/data/1025378/000102537825000022/wpc2024q48-kerexh991.htm,"""As of December 31, 2024, the Company's net lease portfolio consisted of 1,555 properties, comprising 176 million square feet leased to 355 tenants, with a weighted-average lease term of 12.3 years and an occupancy rate of 98.6%."""
2025,affo,1098243000.0,actual,reportado,"AFFO atribuible a WPC (tabla en miles; convertido x1000). Sin comparativo del año siguiente aún; cotejado con la suma de los 4 trimestres (219,403+124,824+243,164+288,072 FFO; 257,820+282,670+276,629+281,124 AFFO).",2026-02-10,https://www.sec.gov/Archives/edgar/data/1025378/000102537826000026/wpc2025q48-kerexh991.htm,"Conciliación, años terminados 31-dic: ""AFFO attributable to W. P. Carey"" 2025: $1,098,243; per diluted share 2025: $4.97"
2025,affo_por_accion,4.97,actual,reportado,"AFFO por acción diluida, comunicado anual. Sin comparativo del año siguiente aún; cotejado con la suma de los 4 trimestres (219,403+124,824+243,164+288,072 FFO; 257,820+282,670+276,629+281,124 AFFO).",2026-02-10,https://www.sec.gov/Archives/edgar/data/1025378/000102537826000026/wpc2025q48-kerexh991.htm,"Conciliación, años terminados 31-dic: ""AFFO attributable to W. P. Carey"" 2025: $1,098,243; per diluted share 2025: $4.97"
2025,cap_rate_adquisicion,0.076,actual,reportado,Cap rate inicial en efectivo promedio ponderado 'aprox. 7.6%' del volumen 2025 (comunicado de enero),2026-01-07,https://www.sec.gov/Archives/edgar/data/1025378/000102537826000005/wpc2026q1investmentvolumee.htm,"""completed record investment volume totaling $2.1 billion at a weighted-average initial cash cap rate of approximately 7.6% and an estimated average yield of approximately 9.2%"""
2025,deuda_neta_ebitdare_proforma,5.9,actual,reportado,"Suplemento 4T-2025; la etiqueta ya no dice 'Pro rata'. Es 'net debt to adjusted EBITDA' tal como lo reporta WPC, no EBITDAre Nareit",2026-02-10,https://www.sec.gov/Archives/edgar/data/1025378/000102537826000026/wpc2025q4supplementalexh992.htm,"""Net debt to adjusted EBITDA (annualized) (a) (b)"" 5.9x"
2025,disposiciones,1500000000.0,actual,reportado,Disposiciones brutas 2025 (128 propiedades; incluye $784.0 millones por 63 self-storage),2026-02-10,https://www.sec.gov/Archives/edgar/data/1025378/000102537826000026/wpc2025q48-kerexh991.htm,"""During the 2025 fourth quarter, the Company disposed of 44 properties for gross proceeds totaling $507.0 million, bringing total dispositions for the year ended December 31, 2025, to 128 properties for gross proceeds totaling $1.5 billion."""
2025,dividendo_declarado_por_accion,3.62,actual,reportado,Dividendos regulares declarados en el año. Suma trimestral 0.890+0.900+0.910+0.920=3.620,2026-02-10,https://www.sec.gov/Archives/edgar/data/1025378/000102537826000026/wpc2025q48-kerexh991.htm,"""Dividends declared during 2025 totaled $3.620 per share, an increase of 3.7% compared to total dividends declared during 2024 of $3.490 per share."""
2025,ffo,875463000.0,actual,reportado,"FFO Nareit atribuible a WPC (tabla en miles; convertido x1000). Sin comparativo del año siguiente aún; cotejado con la suma de los 4 trimestres (219,403+124,824+243,164+288,072 FFO; 257,820+282,670+276,629+281,124 AFFO).",2026-02-10,https://www.sec.gov/Archives/edgar/data/1025378/000102537826000026/wpc2025q48-kerexh991.htm,"Conciliación, años terminados 31-dic: ""FFO (as defined by NAREIT) attributable to W. P. Carey"" 2025: $875,463; per diluted share 2025: $3.96 (diluted weighted-average shares 221,112,343)"
2025,ffo_por_accion,3.96,actual,reportado,"FFO Nareit por acción diluida, comunicado anual. Sin comparativo del año siguiente aún; cotejado con la suma de los 4 trimestres (219,403+124,824+243,164+288,072 FFO; 257,820+282,670+276,629+281,124 AFFO).",2026-02-10,https://www.sec.gov/Archives/edgar/data/1025378/000102537826000026/wpc2025q48-kerexh991.htm,"Conciliación, años terminados 31-dic: ""FFO (as defined by NAREIT) attributable to W. P. Carey"" 2025: $875,463; per diluted share 2025: $3.96 (diluted weighted-average shares 221,112,343)"
2025,ingresos_totales,1716485000.0,actual,reportado,Ingresos totales 2025,2026-02-10,https://www.sec.gov/Archives/edgar/data/1025378/000102537826000026/wpc2025q48-kerexh991.htm,"Tabla: Revenues 2025 $1,716,485 (miles) | ""Revenues, including reimbursable costs, for the 2025 full year totaled $1.72 billion, up 8.9% from $1.58 billion for the 2024 full year."""
2025,inversion_en_adquisiciones,2100000000.0,actual,reportado,"Volumen de inversión récord 2025 (suplemento: $2,098,192 miles); compromisos de capital aparte",2026-02-10,https://www.sec.gov/Archives/edgar/data/1025378/000102537826000026/wpc2025q48-kerexh991.htm,"""During the 2025 fourth quarter, the company completed investments totaling $625.1 million, bringing total investment volume for the year ended December 31, 2025 to a record $2.1 billion."""
2025,ocupacion,0.98,actual,reportado,Ocupación cartera net lease a fin de año,2026-02-10,https://www.sec.gov/Archives/edgar/data/1025378/000102537826000026/wpc2025q48-kerexh991.htm,"""As of December 31, 2025, the Company's net lease portfolio consisted of 1,682 properties, comprising 183 million square feet leased to 371 tenants, with a weighted-average lease term of 12.0 years and an occupancy rate of 98.0%."""
2025,propiedades,1682.0,actual,reportado,Propiedades en arrendamiento neto a fin de año (excluye operativas),2026-02-10,https://www.sec.gov/Archives/edgar/data/1025378/000102537826000026/wpc2025q48-kerexh991.htm,"""As of December 31, 2025, the Company's net lease portfolio consisted of 1,682 properties, comprising 183 million square feet leased to 371 tenants, with a weighted-average lease term of 12.0 years and an occupancy rate of 98.0%."""
